,Part No.,Cell,Cust,Tech,Vehicle,Customer Demand,QPC,,Pcs/ Changovr,Chgovrs/ Day,Time/ Chgovr,Total Chgovr Time,Chgovr Time/Line,Chgovr Time/Line/Pc,,# Online Assoc, # Offline Assoc , # ATL ,Shift Hours,PF&D Allow,1 Assoc,2 Assoc,3 Assoc,4 Assoc,5 Assoc,6 Assoc,7 Assoc
A1598-201BF43C015,A1598-201B,F43,C015,D13,-,0.00,-,,0,0,125.9,0.0,6626.1,0.0,,3, 1.00 , 0.50 ,7.28,110%, ,107.95,70.86,70.86, , ,
A1598-Y2Y9F43C015,A1598-Y2Y9,F43,C015,D13,-,0.00,-,,0,0,125.9,0.0,6626.1,0.0,,3, 1.00 , 0.50 ,7.28,110%, ,107.95,70.86,70.86, , ,
A1577-201BF42C015,A1577-201B,F42,C015,D13,-,0.00,-,,0,0,125.9,0.0,0.0,0.0,,3, 1.00 , 0.50 ,7.28,110%, ,101.81,69.65,69.65, , ,
A1577-Y2Y9F42C015,A1577-Y2Y9,F42,C015,D13,-,0.00,-,,0,0,125.9,0.0,0.0,0.0,,3, 1.00 , 0.50 ,7.28,110%, ,101.81,69.65,69.65, , ,
A1600-015BF42C015,A1600-015B,F42,C015,D13,-,0.00,-,,0,0,109.1,0.0,0.0,0.0,,4, 1.00 , 0.50 ,7.28,110%, ,41.02,27.94,21.55, , ,
A1600-201BF42C015,A1600-201B,F42,C015,D13,-,0.00,-,,0,0,109.1,0.0,0.0,0.0,,4, 1.00 , 0.50 ,7.28,110%, ,41.02,27.94,21.55, , ,
A1602-015BF42C015,A1602-015B,F42,C015,D13,-,0.00,-,,0,0,109.1,0.0,0.0,0.0,,4, 1.00 , 0.50 ,7.28,110%, ,41.02,27.94,21.55, , ,
A1602-201BF42C015,A1602-201B,F42,C015,D13,-,0.00,-,,0,0,109.1,0.0,0.0,0.0,,4, 1.00 , 0.50 ,7.28,110%, ,41.02,27.94,21.55, , ,
A1610-015BF41,A1610-015B,F41,,,,,,,0,0,109.1,0.0,0.0,#DIV/0!,,4, 1.00 , 0.50 ,7.28,110%, ,#DIV/0!,#DIV/0!,#DIV/0!, , ,
A1610-140BF41,A1610-140B,F41,,,,,,,0,0,109.1,0.0,0.0,#DIV/0!,,4, 1.00 , 0.50 ,7.28,110%, ,#DIV/0!,#DIV/0!,#DIV/0!, , ,
A1610-201BF41,A1610-201B,F41,,,,,,,0,0,109.1,0.0,0.0,#DIV/0!,,4, 1.00 , 0.50 ,7.28,110%, ,#DIV/0!,#DIV/0!,#DIV/0!, , ,
A1601-015BF41,A1601-015B,F41,,,,,,,0,0,109.1,0.0,0.0,#DIV/0!,,4, 1.00 , 0.50 ,7.28,110%, ,#DIV/0!,#DIV/0!,#DIV/0!, , ,
A1601-201BF41,A1601-201B,F41,,,,,,,0,0,109.1,0.0,0.0,#DIV/0!,,4, 1.00 , 0.50 ,7.28,110%, ,#DIV/0!,#DIV/0!,#DIV/0!, , ,
A1603-015BF41,A1603-015B,F41,,,,,,,0,0,109.1,0.0,0.0,#DIV/0!,,4, 1.00 , 0.50 ,7.28,110%, ,#DIV/0!,#DIV/0!,#DIV/0!, , ,
A1603-201BF41,A1603-201B,F41,,,,,,,0,0,109.1,0.0,0.0,#DIV/0!,,4, 1.00 , 0.50 ,7.28,110%, ,#DIV/0!,#DIV/0!,#DIV/0!, , ,
A1611-015BF41,A1611-015B,F41,,,,,,,0,0,109.1,0.0,0.0,#DIV/0!,,4, 1.00 , 0.50 ,7.28,110%, ,#DIV/0!,#DIV/0!,#DIV/0!, , ,
A1611-140BF41,A1611-140B,F41,,,,,,,0,0,109.1,0.0,0.0,#DIV/0!,,4, 1.00 , 0.50 ,7.28,110%, ,#DIV/0!,#DIV/0!,#DIV/0!, , ,
A1611-201BF41,A1611-201B,F41,,,,,,,0,0,109.1,0.0,0.0,#DIV/0!,,4, 1.00 , 0.50 ,7.28,110%, ,#DIV/0!,#DIV/0!,#DIV/0!, , ,
A1605-015B-TCF42,A1605-015B-TC,F42,,,,,,,0,0,121.5,0.0,0.0,#DIV/0!,,3, 1.00 , 0.50 ,7.28,110%, ,#DIV/0!,#DIV/0!,#DIV/0!, , ,
A1605-140B-TCF42,A1605-140B-TC,F42,,,,,,,0,0,121.5,0.0,0.0,#DIV/0!,,3, 1.00 , 0.50 ,7.28,110%, ,#DIV/0!,#DIV/0!,#DIV/0!, , ,
A1605-201B-TCF42,A1605-201B-TC,F42,,,,,,,0,0,121.5,0.0,0.0,#DIV/0!,,3, 1.00 , 0.50 ,7.28,110%, ,#DIV/0!,#DIV/0!,#DIV/0!, , ,
A1605-015B-MSF42,A1605-015B-MS,F42,,,,,,,0,0,121.5,0.0,0.0,#DIV/0!,,3, 1.00 , 0.50 ,7.28,110%, ,#DIV/0!,#DIV/0!,#DIV/0!, , ,
A1605-140B-MSF42,A1605-140B-MS,F42,,,,,,,0,0,121.5,0.0,0.0,#DIV/0!,,3, 1.00 , 0.50 ,7.28,110%, ,#DIV/0!,#DIV/0!,#DIV/0!, , ,
A1605-201B-MSF42,A1605-201B-MS,F42,,,,,,,0,0,121.5,0.0,0.0,#DIV/0!,,3, 1.00 , 0.50 ,7.28,110%, ,#DIV/0!,#DIV/0!,#DIV/0!, , ,
A1607-015BF42,A1607-015B,F42,,,,,,,0,0,121.5,0.0,0.0,#DIV/0!,,3, 1.00 , 0.50 ,7.28,110%, ,#DIV/0!,#DIV/0!,#DIV/0!, , ,
A1607-140BF42,A1607-140B,F42,,,,,,,0,0,121.5,0.0,0.0,#DIV/0!,,3, 1.00 , 0.50 ,7.28,110%, ,#DIV/0!,#DIV/0!,#DIV/0!, , ,
A1607-201BF42,A1607-201B,F42,,,,,,,0,0,121.5,0.0,0.0,#DIV/0!,,3, 1.00 , 0.50 ,7.28,110%, ,#DIV/0!,#DIV/0!,#DIV/0!, , ,
A1507-201BF42,A1507-201B,F42,,,,,,,0,0,121.5,0.0,0.0,#DIV/0!,,3, 1.00 , 0.50 ,7.28,110%, ,#DIV/0!,#DIV/0!,#DIV/0!, , ,
A1501-201BF42,A1501-201B,F42,,,,,,,0,0,121.5,0.0,0.0,#DIV/0!,,3, 1.00 , 0.50 ,7.28,110%, ,#DIV/0!,#DIV/0!,#DIV/0!, , ,
A1608-015B-TCF43,A1608-015B-TC,F43,,,,,,,0,0,138.0,0.0,6626.1,1.3,,3, 1.00 , 0.50 ,7.28,110%, ,20.02,8.94,6.70, , ,
A1608-140B-TCF43,A1608-140B-TC,F43,,,,,,,0,0,138.0,0.0,6626.1,1.3,,3, 1.00 , 0.50 ,7.28,110%, ,20.02,8.94,6.70, , ,
A1608-201B-TCF43,A1608-201B-TC,F43,,,,,,,0,0,138.0,0.0,6626.1,1.3,,3, 1.00 , 0.50 ,7.28,110%, ,20.02,8.94,6.70, , ,
A1608-015B-MSF43,A1608-015B-MS,F43,,,,,,,0,0,138.0,0.0,6626.1,1.3,,3, 1.00 , 0.50 ,7.28,110%, ,20.02,8.94,6.70, , ,
A1608-140B-MSF43,A1608-140B-MS,F43,,,,,,,0,0,138.0,0.0,6626.1,1.3,,3, 1.00 , 0.50 ,7.28,110%, ,20.02,8.94,6.70, , ,
A1608-201B-MSF43,A1608-201B-MS,F43,,,,,,,0,0,138.0,0.0,6626.1,1.3,,3, 1.00 , 0.50 ,7.28,110%, ,20.02,8.94,6.70, , ,
A1612-015BF43,A1612-015B,F43,,,,,,,0,0,138.0,0.0,6626.1,1.3,,3, 1.00 , 0.50 ,7.28,110%, ,20.02,8.94,6.70, , ,
A1612-140BF43,A1612-140B,F43,,,,,,,0,0,138.0,0.0,6626.1,1.3,,3, 1.00 , 0.50 ,7.28,110%, ,20.02,8.94,6.70, , ,
A1612-201BF43,A1612-201B,F43,,,,,,,0,0,138.0,0.0,6626.1,1.3,,3, 1.00 , 0.50 ,7.28,110%, ,20.02,8.94,6.70, , ,
A1500-201BF43U070,A1500-201B,F43,U070,D13,Tacoma,1079.00,6,,90,12,138.0,1656.5,6626.1,1.3,,3, 1.00 , 0.50 ,7.28,110%, ,20.02,8.94,6.70, , ,
A1502-201BF43U070,A1502-201B,F43,U070,D13,Tacoma,772.00,6,,64,12,138.0,1656.5,6626.1,1.3,,3, 1.00 , 0.50 ,7.28,110%, ,20.02,8.94,6.70, , ,
A1502-201BF43U044,A1502-201B,F43,U044,D13,Tacoma,1119.00,6,,93,12,138.0,1656.5,6626.1,1.3,,3, 1.00 , 0.50 ,7.28,110%, ,20.02,8.94,6.70, , ,
A1502-201BF43U041,A1502-201B,F43,U041,D13,Tacoma,2318.00,6,,193,12,138.0,1656.5,6626.1,1.3,,3, 1.00 , 0.50 ,7.28,110%, ,20.02,8.94,6.70, , ,
A1606-140BF44,A1606-140B,F44,,,,,,,0,0,158.6,0.0,28540.2,3.2,,3, 1.00 , 0.50 ,7.28,110%, ,26.21,11.89,7.53, , ,
A1606-201BF44,A1606-201B,F44,,,,,,,0,0,158.6,0.0,28540.2,3.2,,3, 1.00 , 0.50 ,7.28,110%, ,26.21,11.89,7.53, , ,
A1606-454BF44,A1606-454B,F44,,,,,,,0,0,158.6,0.0,28540.2,3.2,,3, 1.00 , 0.50 ,7.28,110%, ,26.21,11.89,7.53, , ,
A1606-Y2Y9F44,A1606-Y2Y9,F44,,,,,,,0,0,158.6,0.0,28540.2,3.2,,3, 1.00 , 0.50 ,7.28,110%, ,26.21,11.89,7.53, , ,
A1502-105BF44,A1502-105B,F44,,,,,,,0,0,158.6,0.0,28540.2,3.2,,3, 1.00 , 0.50 ,7.28,110%, ,23.09,11.42,6.48, , ,
A1507-105BF44U044,A1507-105B,F44,U044,D13,Tacoma,513.00,6,,43,12,158.6,1902.7,28540.2,3.2,,3, 1.00 , 0.50 ,7.28,110%, ,21.23,10.38,5.93, , ,
A1507-105BF44U041,A1507-105B,F44,U041,D13,Tacoma,597.00,6,,50,12,158.6,1902.7,28540.2,3.2,,3, 1.00 , 0.50 ,7.28,110%, ,21.23,10.38,5.93, , ,
A1507-105BF44U070,A1507-105B,F44,U070,D13,Tacoma,569.00,6,,47,12,158.6,1902.7,28540.2,3.2,,3, 1.00 , 0.50 ,7.28,110%, ,21.23,10.38,5.93, , ,
A1516-146BF44U006,A1516-146B,F44,U006,D13,Lexus,1217.00,6,,101,12,158.6,1902.7,28540.2,3.2,,3, 1.00 , 0.50 ,7.28,110%, ,26.21,12.04,7.24, , ,
A1516-201BF44U006,A1516-201B,F44,U006,D13,Lexus,346.00,6,,29,12,158.6,1902.7,28540.2,3.2,,3, 1.00 , 0.50 ,7.28,110%, ,26.21,12.04,7.24, , ,
A1516-008BF44U006,A1516-008B,F44,U006,D13,Lexus,997.00,6,,83,12,158.6,1902.7,28540.2,3.2,,3, 1.00 , 0.50 ,7.28,110%, ,26.21,12.04,7.24, , ,
A1529-146BF44U006,A1529-146B,F44,U006,D13,Lexus,1217.00,6,,101,12,158.6,1902.7,28540.2,3.2,,3, 1.00 , 0.50 ,7.28,110%, ,25.16,12.04,7.24, , ,
A1529-201BF44U006,A1529-201B,F44,U006,D13,Lexus,346.00,6,,29,12,158.6,1902.7,28540.2,3.2,,3, 1.00 , 0.50 ,7.28,110%, ,25.16,12.04,7.24, , ,
A1529-008BF44U006,A1529-008B,F44,U006,D13,Lexus,997.00,6,,83,12,158.6,1902.7,28540.2,3.2,,3, 1.00 , 0.50 ,7.28,110%, ,25.16,12.04,7.24, , ,
7V1360-707-C1F44,7V1360-707-C1,F44,,,,,,,0,0,158.6,0.0,28540.2,3.2,,3, 1.00 , 0.50 ,7.28,110%, ,26.21,12.04,7.24, , ,
7V1368-707-E0F44,7V1368-707-E0,F44,,,,,,,0,0,158.6,0.0,28540.2,3.2,,3, 1.00 , 0.50 ,7.28,110%, ,26.21,12.04,7.24, , ,
7V1363-707-C0F44,7V1363-707-C0,F44,,,,,,,0,0,158.6,0.0,28540.2,3.2,,3, 1.00 , 0.50 ,7.28,110%, ,26.21,12.04,7.24, , ,
7V1740-707F44C007,7V1740-707,F44,C007,D13,Lexus,107.00,6,,9,12,158.6,1902.7,28540.2,3.2,,3, 1.00 , 0.50 ,7.28,110%, ,26.21,12.04,7.24, , ,
7V1740-707-C3F44C007,7V1740-707-C3,F44,C007,D13,Lexus,0.00,6,,0,0,158.6,0.0,28540.2,0.0,,3, 1.00 , 0.50 ,7.28,110%, ,24.60,10.96,6.43, , ,
7V1748-707F44C007,7V1748-707,F44,C007,D13,Lexus,186.00,6,,16,12,158.6,1902.7,28540.2,3.2,,3, 1.00 , 0.50 ,7.28,110%, ,26.21,12.04,7.24, , ,
7V1743-707F44C007,7V1743-707,F44,C007,D13,Lexus,742.00,6,,62,12,158.6,1902.7,28540.2,3.2,,3, 1.00 , 0.50 ,7.28,110%, ,26.21,12.04,7.24, , ,
7V2360-707-C1F44,7V2360-707-C1,F44,,,,,,,0,0,158.6,0.0,28540.2,3.2,,3, 1.00 , 0.50 ,7.28,110%, ,25.16,12.04,7.24, , ,
7V2368-707-E0F44,7V2368-707-E0,F44,,,,,,,0,0,158.6,0.0,28540.2,3.2,,3, 1.00 , 0.50 ,7.28,110%, ,25.16,12.04,7.24, , ,
7V2363-707-C0F44,7V2363-707-C0,F44,,,,,,,0,0,158.6,0.0,28540.2,3.2,,3, 1.00 , 0.50 ,7.28,110%, ,25.16,12.04,7.24, , ,
7V2740-707F44C007,7V2740-707,F44,C007,D13,Lexus,107.00,6,,9,12,158.6,1902.7,28540.2,3.2,,3, 1.00 , 0.50 ,7.28,110%, ,25.16,12.04,7.24, , ,
7V2740-707-C3F44C007,7V2740-707-C3,F44,C007,D13,Lexus,0.00,6,,0,0,158.6,0.0,28540.2,0.0,,3, 1.00 , 0.50 ,7.28,110%, ,23.55,10.96,6.43, , ,
7V2748-707F44C007,7V2748-707,F44,C007,D13,Lexus,186.00,6,,16,12,158.6,1902.7,28540.2,3.2,,3, 1.00 , 0.50 ,7.28,110%, ,25.16,12.04,7.24, , ,
7V2743-707F44C007,7V2743-707,F44,C007,D13,Lexus,742.00,6,,62,12,158.6,1902.7,28540.2,3.2,,3, 1.00 , 0.50 ,7.28,110%, ,25.16,12.04,7.24, , ,
7V1460-707F45,7V1460-707,F45,,,,,,,0,0,107.4,0.0,0.0,#DIV/0!,,1, 1.00 , 0.50 ,7.28,110%,#DIV/0!,#DIV/0!, , , , ,
7V1390-707-C1F45,7V1390-707-C1,F45,,,,,,,0,0,107.4,0.0,0.0,#DIV/0!,,1, 1.00 , 0.50 ,7.28,110%,#DIV/0!,#DIV/0!, , , , ,
7V1390-707-C3F45,7V1390-707-C3,F45,,,,,,,0,0,107.4,0.0,0.0,#DIV/0!,,1, 1.00 , 0.50 ,7.28,110%,#DIV/0!,#DIV/0!, , , , ,
7V1070-707-C1F46,7V1070-707-C1,F46,,,,,,,0,0,128.9,0.0,0.0,#DIV/0!,,1, 1.00 , 0.50 ,7.28,110%,#DIV/0!,#DIV/0!, , , , ,
7V2070-707-C1F47,7V2070-707-C1,F47,,,,,,,0,0,107.4,0.0,0.0,#DIV/0!,,1, 1.00 , 0.50 ,7.28,110%,#DIV/0!, , , , , ,
7V2073-707F47,7V2073-707,F47,,,,,,,0,0,107.4,0.0,0.0,#DIV/0!,,1, 1.00 , 0.50 ,7.28,110%,#DIV/0!, , , , , ,
7V2073-707-E1F47,7V2073-707-E1,F47,,,,,,,0,0,107.4,0.0,0.0,#DIV/0!,,1, 1.00 , 0.50 ,7.28,110%,#DIV/0!, , , , , ,
7V2077-707F47,7V2077-707,F47,,,,,,,0,0,107.4,0.0,0.0,#DIV/0!,,1, 1.00 , 0.50 ,7.28,110%,#DIV/0!, , , , , ,
7V2077-707-C4F47,7V2077-707-C4,F47,,,,,,,0,0,107.4,0.0,0.0,#DIV/0!,,1, 1.00 , 0.50 ,7.28,110%,#DIV/0!, , , , , ,
7V1073-707F48,7V1073-707,F48,,,,,,,0,0,128.9,0.0,0.0,#DIV/0!,,1, 1.00 , 0.50 ,7.28,110%,#DIV/0!,#DIV/0!, , , , ,
7V1073-707-E1F48,7V1073-707-E1,F48,,,,,,,0,0,128.9,0.0,0.0,#DIV/0!,,1, 1.00 , 0.50 ,7.28,110%,#DIV/0!,#DIV/0!, , , , ,
7V1077-707F48,7V1077-707,F48,,,,,,,0,0,128.9,0.0,0.0,#DIV/0!,,1, 1.00 , 0.50 ,7.28,110%,#DIV/0!,#DIV/0!, , , , ,
7V1077-707-C3F48,7V1077-707-C3,F48,,,,,,,0,0,128.9,0.0,0.0,#DIV/0!,,1, 1.00 , 0.50 ,7.28,110%,#DIV/0!,#DIV/0!, , , , ,
7V1071-707F48,7V1071-707,F48,,,,,,,0,0,128.9,0.0,0.0,#DIV/0!,,1, 1.00 , 0.50 ,7.28,110%,#DIV/0!,#DIV/0!, , , , ,
7V1074-707-A0F48,7V1074-707-A0,F48,,,,,,,0,0,128.9,0.0,0.0,#DIV/0!,,1, 1.00 , 0.50 ,7.28,110%,#DIV/0!,#DIV/0!, , , , ,
7V1074-707-A1F48,7V1074-707-A1,F48,,,,,,,0,0,128.9,0.0,0.0,#DIV/0!,,1, 1.00 , 0.50 ,7.28,110%,#DIV/0!,#DIV/0!, , , , ,
7V1079-707F48,7V1079-707,F48,,,,,,,0,0,128.9,0.0,0.0,#DIV/0!,,1, 1.00 , 0.50 ,7.28,110%,#DIV/0!,#DIV/0!, , , , ,
7V2074-707-A0F48,7V2074-707-A0,F48,,,,,,,0,0,107.4,0.0,0.0,#DIV/0!,,1, 1.00 , 0.50 ,7.28,110%,#DIV/0!, , , , , ,
7V2074-707-A3F48,7V2074-707-A3,F48,,,,,,,0,0,107.4,0.0,0.0,#DIV/0!,,1, 1.00 , 0.50 ,7.28,110%,#DIV/0!, , , , , ,
7V2071-707F48,7V2071-707,F48,,,,,,,0,0,128.9,0.0,0.0,#DIV/0!,,1, 1.00 , 0.50 ,7.28,110%,#DIV/0!, , , , , ,
7V2079-707F48,7V2079-707,F48,,,,,,,0,0,128.9,0.0,0.0,#DIV/0!,,1, 1.00 , 0.50 ,7.28,110%,#DIV/0!, , , , , ,
7V2070-707-C3F49,7V2070-707-C3,F49,,,,,,,0,0,107.4,0.0,0.0,#DIV/0!,,1, 1.00 , 0.50 ,7.28,110%,#DIV/0!, , , , , ,
7V2070-707-C3F4A,7V2070-707-C3,F4A,,,,,,,0,0,107.4,0.0,0.0,#DIV/0!,,1, 1.00 , 0.50 ,7.28,110%,#DIV/0!, , , , , ,
7V1070-707-C4F4A,7V1070-707-C4,F4A,,,,,,,0,0,107.4,0.0,0.0,#DIV/0!,,1, 1.00 , 0.50 ,7.28,110%,#DIV/0!,#DIV/0!, , , , ,
7V2070-707-C3F4B,7V2070-707-C3,F4B,,,,,,,0,0,107.4,0.0,0.0,#DIV/0!,,1, 1.00 , 0.50 ,7.28,110%,#DIV/0!, , , , , ,
7V1480-707F4C,7V1480-707,F4C,,,,,,,0,0,107.4,0.0,0.0,#DIV/0!,,1, 1.00 , 0.50 ,7.28,110%,#DIV/0!, , , , , ,
7V1484-707F4C,7V1484-707,F4C,,,,,,,0,0,107.4,0.0,0.0,#DIV/0!,,1, 1.00 , 0.50 ,7.28,110%,#DIV/0!, , , , , ,
7V1487-707F4C,7V1487-707,F4C,,,,,,,0,0,107.4,0.0,0.0,#DIV/0!,,1, 1.00 , 0.50 ,7.28,110%,#DIV/0!, , , , , ,
7V1390-707F4C,7V1390-707,F4C,,,,,,,0,0,107.4,0.0,0.0,#DIV/0!,,1, 1.00 , 0.50 ,7.28,110%,#DIV/0!,#DIV/0!, , , , ,
7V1394-707-A1F4C,7V1394-707-A1,F4C,,,,,,,0,0,107.4,0.0,0.0,#DIV/0!,,1, 1.00 , 0.50 ,7.28,110%,#DIV/0!,#DIV/0!, , , , ,
7V1397-707F4C,7V1397-707,F4C,,,,,,,0,0,107.4,0.0,0.0,#DIV/0!,,1, 1.00 , 0.50 ,7.28,110%,#DIV/0!,#DIV/0!, , , , ,
7V2070-707F4D,7V2070-707,F4D,,,,,,,0,0,107.4,0.0,0.0,#DIV/0!,,1, 1.00 , 0.50 ,7.28,110%,#DIV/0!, , , , , ,
7V2072-707F4D,7V2072-707,F4D,,,,,,,0,0,107.4,0.0,0.0,#DIV/0!,,1, 1.00 , 0.50 ,7.28,110%,#DIV/0!, , , , , ,
7V2078-707F4D,7V2078-707,F4D,,,,,,,0,0,107.4,0.0,0.0,#DIV/0!,,1, 1.00 , 0.50 ,7.28,110%,#DIV/0!, , , , , ,
7V2690-707F4D,7V2690-707,F4D,,,,,,,0,0,107.4,0.0,0.0,#DIV/0!,,1, 1.00 , 0.50 ,7.28,110%,#DIV/0!, , , , , ,
7V2694-707F4D,7V2694-707,F4D,,,,,,,0,0,107.4,0.0,0.0,#DIV/0!,,1, 1.00 , 0.50 ,7.28,110%,#DIV/0!, , , , , ,
7V2697-707F4D,7V2697-707,F4D,,,,,,,0,0,107.4,0.0,0.0,#DIV/0!,,1, 1.00 , 0.50 ,7.28,110%,#DIV/0!, , , , , ,
7V2480-707F4D,7V2480-707,F4D,,,,,,,0,0,107.4,0.0,0.0,#DIV/0!,,1, 1.00 , 0.50 ,7.28,110%,#DIV/0!, , , , , ,
7V2482-707F4D,7V2482-707,F4D,,,,,,,0,0,107.4,0.0,0.0,#DIV/0!,,1, 1.00 , 0.50 ,7.28,110%,#DIV/0!, , , , , ,
7V2488-707F4D,7V2488-707,F4D,,,,,,,0,0,107.4,0.0,0.0,#DIV/0!,,1, 1.00 , 0.50 ,7.28,110%,#DIV/0!, , , , , ,
7V1590-707F4E,7V1590-707,F4E,,,,,,,0,0,107.4,0.0,0.0,#DIV/0!,,1, 1.00 , 0.50 ,7.28,110%,#DIV/0!,#DIV/0!, , , , ,
7V1594-707F4E,7V1594-707,F4E,,,,,,,0,0,107.4,0.0,0.0,#DIV/0!,,1, 1.00 , 0.50 ,7.28,110%,#DIV/0!,#DIV/0!, , , , ,
7V1597-707F4E,7V1597-707,F4E,,,,,,,0,0,107.4,0.0,0.0,#DIV/0!,,1, 1.00 , 0.50 ,7.28,110%,#DIV/0!,#DIV/0!, , , , ,
7V1604-707F4E,7V1604-707,F4E,,,,,,,0,0,107.4,0.0,0.0,#DIV/0!,,1, 1.00 , 0.50 ,7.28,110%,#DIV/0!, , , , , ,
7V1607-707F4E,7V1607-707,F4E,,,,,,,0,0,107.4,0.0,0.0,#DIV/0!,,1, 1.00 , 0.50 ,7.28,110%,#DIV/0!, , , , , ,
7V2590-707F4E,7V2590-707,F4E,,,,,,,0,0,107.4,0.0,0.0,#DIV/0!,,1, 1.00 , 0.50 ,7.28,110%,#DIV/0!, , , , , ,
7V2594-707F4E,7V2594-707,F4E,,,,,,,0,0,107.4,0.0,0.0,#DIV/0!,,1, 1.00 , 0.50 ,7.28,110%,#DIV/0!, , , , , ,
7V2597-707F4E,7V2597-707,F4E,,,,,,,0,0,107.4,0.0,0.0,#DIV/0!,,1, 1.00 , 0.50 ,7.28,110%,#DIV/0!, , , , , ,
7V2604-707F4E,7V2604-707,F4E,,,,,,,0,0,107.4,0.0,0.0,#DIV/0!,,1, 1.00 , 0.50 ,7.28,110%,#DIV/0!, , , , , ,
7V2607-707F4E,7V2607-707,F4E,,,,,,,0,0,107.4,0.0,0.0,#DIV/0!,,1, 1.00 , 0.50 ,7.28,110%,#DIV/0!, , , , , ,
7V2070-707F4F,7V2070-707,F4F,,,,,,,0,0,107.4,0.0,0.0,#DIV/0!,,1, 1.00 , 0.50 ,7.28,110%,#DIV/0!, , , , , ,
7V1390-707F4F,7V1390-707,F4F,,,,,,,0,0,107.4,0.0,0.0,#DIV/0!,,1, 1.00 , 0.50 ,7.28,110%,#DIV/0!, , , , , ,
7V2210-707F60,7V2210-707,F60,,,,,,,0,0,128.9,0.0,0.0,#DIV/0!,,1, 1.00 , 0.50 ,7.28,110%,#DIV/0!,#DIV/0!, , , , ,
7V2214-707F60,7V2214-707,F60,,,,,,,0,0,128.9,0.0,0.0,#DIV/0!,,1, 1.00 , 0.50 ,7.28,110%,#DIV/0!,#DIV/0!, , , , ,
7V2211-707F60,7V2211-707,F60,,,,,,,0,0,128.9,0.0,0.0,#DIV/0!,,1, 1.00 , 0.50 ,7.28,110%,#DIV/0!,#DIV/0!, , , , ,
7V1210-707F60,7V1210-707,F60,,,,,,,0,0,128.9,0.0,0.0,#DIV/0!,,1, 1.00 , 0.50 ,7.28,110%,#DIV/0!,#DIV/0!, , , , ,
7V1214-707F60,7V1214-707,F60,,,,,,,0,0,128.9,0.0,0.0,#DIV/0!,,1, 1.00 , 0.50 ,7.28,110%,#DIV/0!,#DIV/0!, , , , ,
7V1211-707F60,7V1211-707,F60,,,,,,,0,0,128.9,0.0,0.0,#DIV/0!,,1, 1.00 , 0.50 ,7.28,110%,#DIV/0!,#DIV/0!, , , , ,
7V2380-707F60,7V2380-707,F60,,,,,,,0,0,128.9,0.0,0.0,#DIV/0!,,1, 1.00 , 0.50 ,7.28,110%,#DIV/0!,#DIV/0!, , , , ,
7V2388-707F60,7V2388-707,F60,,,,,,,0,0,128.9,0.0,0.0,#DIV/0!,,1, 1.00 , 0.50 ,7.28,110%,#DIV/0!,#DIV/0!, , , , ,
7V1380-707F60,7V1380-707,F60,,,,,,,0,0,128.9,0.0,0.0,#DIV/0!,,1, 1.00 , 0.50 ,7.28,110%,#DIV/0!,#DIV/0!, , , , ,
7V1388-707F60,7V1388-707,F60,,,,,,,0,0,128.9,0.0,0.0,#DIV/0!,,1, 1.00 , 0.50 ,7.28,110%,#DIV/0!,#DIV/0!, , , , ,
7V2750-707F60,7V2750-707,F60,,,,,,,0,0,128.9,0.0,0.0,#DIV/0!,,1, 1.00 , 0.50 ,7.28,110%,#DIV/0!,#DIV/0!, , , , ,
7V2758-708F60,7V2758-708,F60,,,,,,,0,0,128.9,0.0,0.0,#DIV/0!,,1, 1.00 , 0.50 ,7.28,110%,#DIV/0!,#DIV/0!, , , , ,
7V1750-707F60,7V1750-707,F60,,,,,,,0,0,128.9,0.0,0.0,#DIV/0!,,1, 1.00 , 0.50 ,7.28,110%,#DIV/0!,#DIV/0!, , , , ,
7V1758-707F60,7V1758-707,F60,,,,,,,0,0,128.9,0.0,0.0,#DIV/0!,,1, 1.00 , 0.50 ,7.28,110%,#DIV/0!,#DIV/0!, , , , ,
7V2430-707F13,7V2430-707,F13,,,,,,,0,0,128.9,0.0,0.0,#DIV/0!,,1, 1.00 , 0.50 ,7.28,110%,#DIV/0!,#DIV/0!, , , , ,
7V1430-707F13,7V1430-707,F13,,,,,,,0,0,128.9,0.0,0.0,#DIV/0!,,1, 1.00 , 0.50 ,7.28,110%,#DIV/0!,#DIV/0!, , , , ,
7V2430-707F16,7V2430-707,F16,,,,,,,0,0,128.9,0.0,0.0,#DIV/0!,,1, 1.00 , 0.50 ,7.28,110%,#DIV/0!,#DIV/0!, , , , ,
7V2420-707F16,7V2420-707,F16,,,,,,,0,0,128.9,0.0,0.0,#DIV/0!,,1, 1.00 , 0.50 ,7.28,110%,#DIV/0!,#DIV/0!, , , , ,
7V1430-707F16,7V1430-707,F16,,,,,,,0,0,128.9,0.0,0.0,#DIV/0!,,1, 1.00 , 0.50 ,7.28,110%,#DIV/0!,#DIV/0!, , , , ,
7V1420-707F16,7V1420-707,F16,,,,,,,0,0,128.9,0.0,0.0,#DIV/0!,,1, 1.00 , 0.50 ,7.28,110%,#DIV/0!,#DIV/0!, , , , ,
A1553-015BE05,A1553-015B,E05,,,,,,,0,0,83.2,0.0,0.0,#DIV/0!,,4, 1.00 , 0.50 ,7.28,110%, , ,#DIV/0!,#DIV/0!,#DIV/0!, ,
A1553-140BE05,A1553-140B,E05,,,,,,,0,0,83.2,0.0,0.0,#DIV/0!,,4, 1.00 , 0.50 ,7.28,110%, , ,#DIV/0!,#DIV/0!,#DIV/0!, ,
A1553-201BE05,A1553-201B,E05,,,,,,,0,0,83.2,0.0,0.0,#DIV/0!,,4, 1.00 , 0.50 ,7.28,110%, , ,#DIV/0!,#DIV/0!,#DIV/0!, ,
A1560-201BF06,A1560-201B,F06,,,,,,,0,0,158.9,0.0,0.0,#DIV/0!,,2, 1.00 , 0.50 ,7.28,110%, ,#DIV/0!,#DIV/0!,#DIV/0!,#DIV/0!, ,
A1562-138BF06,A1562-138B,F06,,,,,,,0,0,158.9,0.0,0.0,#DIV/0!,,2, 1.00 , 0.50 ,7.28,110%, ,#DIV/0!,#DIV/0!,#DIV/0!,#DIV/0!, ,
A1564-457BF06,A1564-457B,F06,,,,,,,0,0,158.9,0.0,0.0,#DIV/0!,,2, 1.00 , 0.50 ,7.28,110%, ,#DIV/0!,#DIV/0!,#DIV/0!,#DIV/0!, ,
A1572-201BF06,A1572-201B,F06,,,,,,,0,0,158.9,0.0,0.0,#DIV/0!,,2, 1.00 , 0.50 ,7.28,110%, ,#DIV/0!,#DIV/0!,#DIV/0!,#DIV/0!, ,
A1574-138BF06,A1574-138B,F06,,,,,,,0,0,158.9,0.0,0.0,#DIV/0!,,2, 1.00 , 0.50 ,7.28,110%, ,#DIV/0!,#DIV/0!,#DIV/0!,#DIV/0!, ,
A1576-457BF06,A1576-457B,F06,,,,,,,0,0,158.9,0.0,0.0,#DIV/0!,,2, 1.00 , 0.50 ,7.28,110%, ,#DIV/0!,#DIV/0!,#DIV/0!,#DIV/0!, ,
7P0758-7020F06,7P0758-7020,F06,,,,,,,0,0,158.9,0.0,0.0,#DIV/0!,,2, 1.00 , 0.50 ,7.28,110%, ,#DIV/0!,#DIV/0!,#DIV/0!,#DIV/0!, ,
7P0760-7020F06,7P0760-7020,F06,,,,,,,0,0,158.9,0.0,0.0,#DIV/0!,,2, 1.00 , 0.50 ,7.28,110%, ,#DIV/0!,#DIV/0!,#DIV/0!,#DIV/0!, ,
7P0759-7020F06,7P0759-7020,F06,,,,,,,0,0,158.9,0.0,0.0,#DIV/0!,,2, 1.00 , 0.50 ,7.28,110%, ,#DIV/0!,#DIV/0!,#DIV/0!,#DIV/0!, ,
7P0758-7040F06,7P0758-7040,F06,,,,,,,0,0,158.9,0.0,0.0,#DIV/0!,,2, 1.00 , 0.50 ,7.28,110%, ,#DIV/0!,#DIV/0!,#DIV/0!,#DIV/0!, ,
7P0760-7040F06,7P0760-7040,F06,,,,,,,0,0,158.9,0.0,0.0,#DIV/0!,,2, 1.00 , 0.50 ,7.28,110%, ,#DIV/0!,#DIV/0!,#DIV/0!,#DIV/0!, ,
7P0759-7040F06,7P0759-7040,F06,,,,,,,0,0,158.9,0.0,0.0,#DIV/0!,,2, 1.00 , 0.50 ,7.28,110%, ,#DIV/0!,#DIV/0!,#DIV/0!,#DIV/0!, ,
7M5230-707F06,7M5230-707,F06,,,,,,,0,0,158.9,0.0,0.0,#DIV/0!,,2, 1.00 , 0.50 ,7.28,110%, ,#DIV/0!,#DIV/0!,#DIV/0!,#DIV/0!, ,
7M5237-707F06,7M5237-707,F06,,,,,,,0,0,158.9,0.0,0.0,#DIV/0!,,2, 1.00 , 0.50 ,7.28,110%, ,#DIV/0!,#DIV/0!,#DIV/0!,#DIV/0!, ,
7M5234-707F06,7M5234-707,F06,,,,,,,0,0,158.9,0.0,0.0,#DIV/0!,,2, 1.00 , 0.50 ,7.28,110%, ,#DIV/0!,#DIV/0!,#DIV/0!,#DIV/0!, ,
53199-140BF06,53199-140B,F06,,,,,,,0,0,158.9,0.0,0.0,#DIV/0!,,2, 1.00 , 0.50 ,7.28,110%, ,#DIV/0!,#DIV/0!,#DIV/0!,#DIV/0!, ,
53199-201BF06,53199-201B,F06,,,,,,,0,0,158.9,0.0,0.0,#DIV/0!,,2, 1.00 , 0.50 ,7.28,110%, ,#DIV/0!,#DIV/0!,#DIV/0!,#DIV/0!, ,
53199-454BF06,53199-454B,F06,,,,,,,0,0,158.9,0.0,0.0,#DIV/0!,,2, 1.00 , 0.50 ,7.28,110%, ,#DIV/0!,#DIV/0!,#DIV/0!,#DIV/0!, ,
A1557-Y2Y9F06,A1557-Y2Y9,F06,,,,,,,0,0,158.9,0.0,0.0,#DIV/0!,,2, 1.00 , 0.50 ,7.28,110%, ,#DIV/0!,#DIV/0!,#DIV/0!,#DIV/0!, ,
A1557-202BF06,A1557-202B,F06,,,,,,,0,0,158.9,0.0,0.0,#DIV/0!,,2, 1.00 , 0.50 ,7.28,110%, ,#DIV/0!,#DIV/0!,#DIV/0!,#DIV/0!, ,
7M5220-707F06,7M5220-707,F06,,,,,,,0,0,158.9,0.0,0.0,#DIV/0!,,2, 1.00 , 0.50 ,7.28,110%, ,#DIV/0!,#DIV/0!,#DIV/0!,#DIV/0!, ,
7M5227-707F06,7M5227-707,F06,,,,,,,0,0,158.9,0.0,0.0,#DIV/0!,,2, 1.00 , 0.50 ,7.28,110%, ,#DIV/0!,#DIV/0!,#DIV/0!,#DIV/0!, ,
7M5224-707F06,7M5224-707,F06,,,,,,,0,0,158.9,0.0,0.0,#DIV/0!,,2, 1.00 , 0.50 ,7.28,110%, ,#DIV/0!,#DIV/0!,#DIV/0!,#DIV/0!, ,
A4050-015BF50,A4050-015B,F50,,,,,,,0,0,97.4,0.0,0.0,#DIV/0!,,4, 1.00 , 0.50 ,7.28,110%, ,#DIV/0!,#DIV/0!,#DIV/0!, , ,
A4050-140BF50,A4050-140B,F50,,,,,,,0,0,97.4,0.0,0.0,#DIV/0!,,4, 1.00 , 0.50 ,7.28,110%, ,#DIV/0!,#DIV/0!,#DIV/0!, , ,
A4050-201BF50,A4050-201B,F50,,,,,,,0,0,97.4,0.0,0.0,#DIV/0!,,4, 1.00 , 0.50 ,7.28,110%, ,#DIV/0!,#DIV/0!,#DIV/0!, , ,
7M5324-707F50,7M5324-707,F50,,,,,,,0,0,97.4,0.0,0.0,#DIV/0!,,4, 1.00 , 0.50 ,7.28,110%, ,#DIV/0!,#DIV/0!,#DIV/0!, , ,
7M5327-707F50,7M5327-707,F50,,,,,,,0,0,97.4,0.0,0.0,#DIV/0!,,4, 1.00 , 0.50 ,7.28,110%, ,#DIV/0!,#DIV/0!,#DIV/0!, , ,
7M5320-707F50,7M5320-707,F50,,,,,,,0,0,97.4,0.0,0.0,#DIV/0!,,4, 1.00 , 0.50 ,7.28,110%, ,#DIV/0!,#DIV/0!,#DIV/0!, , ,
A1526-201BF50,A1526-201B,F50,,,,,,,0,0,97.4,0.0,0.0,#DIV/0!,,4, 1.00 , 0.50 ,7.28,110%, ,#DIV/0!,#DIV/0!,#DIV/0!, , ,
A1526-462BF50,A1526-462B,F50,,,,,,,0,0,97.4,0.0,0.0,#DIV/0!,,4, 1.00 , 0.50 ,7.28,110%, ,#DIV/0!,#DIV/0!,#DIV/0!, , ,
7M5120-707F50,7M5120-707,F50,,,,,,,0,0,97.4,0.0,0.0,#DIV/0!,,4, 1.00 , 0.50 ,7.28,110%, ,#DIV/0!,#DIV/0!,#DIV/0!, , ,
7M5124-707F50,7M5124-707,F50,,,,,,,0,0,97.4,0.0,0.0,#DIV/0!,,4, 1.00 , 0.50 ,7.28,110%, ,#DIV/0!,#DIV/0!,#DIV/0!, , ,
7M5121-707F50,7M5121-707,F50,,,,,,,0,0,97.4,0.0,0.0,#DIV/0!,,4, 1.00 , 0.50 ,7.28,110%, ,#DIV/0!,#DIV/0!,#DIV/0!, , ,
7M5294-707F51,7M5294-707,F51,,,,,,,0,0,103.7,0.0,0.0,#DIV/0!,,4, 1.00 , 0.50 ,7.28,110%, ,#DIV/0!,#DIV/0!,#DIV/0!, , ,
7M5297-707F51,7M5297-707,F51,,,,,,,0,0,103.7,0.0,0.0,#DIV/0!,,4, 1.00 , 0.50 ,7.28,110%, ,#DIV/0!,#DIV/0!,#DIV/0!, , ,
7M5290-707F51,7M5290-707,F51,,,,,,,0,0,103.7,0.0,0.0,#DIV/0!,,4, 1.00 , 0.50 ,7.28,110%, ,#DIV/0!,#DIV/0!,#DIV/0!, , ,
7M5304-707F51,7M5304-707,F51,,,,,,,0,0,103.7,0.0,0.0,#DIV/0!,,4, 1.00 , 0.50 ,7.28,110%, ,#DIV/0!,#DIV/0!,#DIV/0!, , ,
7M5307-707F51,7M5307-707,F51,,,,,,,0,0,103.7,0.0,0.0,#DIV/0!,,4, 1.00 , 0.50 ,7.28,110%, ,#DIV/0!,#DIV/0!,#DIV/0!, , ,
7M5300-707F51,7M5300-707,F51,,,,,,,0,0,103.7,0.0,0.0,#DIV/0!,,4, 1.00 , 0.50 ,7.28,110%, ,#DIV/0!,#DIV/0!,#DIV/0!, , ,
7M5190-707F51C015,7M5190-707,F51,C015,D12,-,0.00,-,,0,0,97.4,0.0,0.0,0.0,,4, 1.00 , 0.50 ,7.28,110%, ,21.18,10.43,6.26, , ,
7M5198-707F50,7M5198-707,F50,,,,,,,0,0,97.4,0.0,0.0,#DIV/0!,,4, 1.00 , 0.50 ,7.28,110%, ,#DIV/0!,#DIV/0!,#DIV/0!, , ,
7M5390-707F50,7M5390-707,F50,,,,,,,0,0,97.4,0.0,0.0,#DIV/0!,,4, 1.00 , 0.50 ,7.28,110%, ,#DIV/0!,#DIV/0!,#DIV/0!, , ,
7M5398-707F50,7M5398-707,F50,,,,,,,0,0,97.4,0.0,0.0,#DIV/0!,,4, 1.00 , 0.50 ,7.28,110%, ,#DIV/0!,#DIV/0!,#DIV/0!, , ,
A4039-015BF51,A4039-015B,F51,,,,,,,0,0,103.7,0.0,0.0,#DIV/0!,,4, 1.00 , 0.50 ,7.28,110%, ,#DIV/0!,#DIV/0!,#DIV/0!,#DIV/0!, ,
A4039-140BF51,A4039-140B,F51,,,,,,,0,0,103.7,0.0,0.0,#DIV/0!,,4, 1.00 , 0.50 ,7.28,110%, ,#DIV/0!,#DIV/0!,#DIV/0!,#DIV/0!, ,
A4039-201BF51,A4039-201B,F51,,,,,,,0,0,103.7,0.0,0.0,#DIV/0!,,4, 1.00 , 0.50 ,7.28,110%, ,#DIV/0!,#DIV/0!,#DIV/0!,#DIV/0!, ,
A4041-015BF51,A4041-015B,F51,,,,,,,0,0,103.7,0.0,0.0,#DIV/0!,,4, 1.00 , 0.50 ,7.28,110%, ,#DIV/0!,#DIV/0!,#DIV/0!,#DIV/0!, ,
A4041-201BF51,A4041-201B,F51,,,,,,,0,0,103.7,0.0,0.0,#DIV/0!,,4, 1.00 , 0.50 ,7.28,110%, ,#DIV/0!,#DIV/0!,#DIV/0!,#DIV/0!, ,
A4043-015BF51C015,A4043-015B,F51,C015,D12,-,0.00,-,,0,0,103.7,0.0,0.0,0.0,,4, 1.00 , 0.50 ,7.28,110%, ,20.68,9.40,5.75,4.60, ,
A4043-140BF51C015,A4043-140B,F51,C015,D12,-,0.00,-,,0,0,103.7,0.0,0.0,0.0,,4, 1.00 , 0.50 ,7.28,110%, ,20.68,9.40,5.75,4.60, ,
A4043-201BF51C015,A4043-201B,F51,C015,D12,-,0.00,-,,0,0,103.7,0.0,0.0,0.0,,4, 1.00 , 0.50 ,7.28,110%, ,20.68,9.40,5.75,4.60, ,
A4042-015BF52,A4042-015B,F52,,,,,,,0,0,103.7,0.0,0.0,#DIV/0!,,2, 1.00 , 0.50 ,7.28,110%, ,#DIV/0!,#DIV/0!,#DIV/0!, , ,
A4042-140BF52,A4042-140B,F52,,,,,,,0,0,103.7,0.0,0.0,#DIV/0!,,2, 1.00 , 0.50 ,7.28,110%, ,#DIV/0!,#DIV/0!,#DIV/0!, , ,
A4042-201BF52,A4042-201B,F52,,,,,,,0,0,103.7,0.0,0.0,#DIV/0!,,2, 1.00 , 0.50 ,7.28,110%, ,#DIV/0!,#DIV/0!,#DIV/0!, , ,
A4044-015BF52,A4044-015B,F52,,,,,,,0,0,103.7,0.0,0.0,#DIV/0!,,2, 1.00 , 0.50 ,7.28,110%, ,#DIV/0!,#DIV/0!,#DIV/0!, , ,
A4044-201BF52,A4044-201B,F52,,,,,,,0,0,103.7,0.0,0.0,#DIV/0!,,2, 1.00 , 0.50 ,7.28,110%, ,#DIV/0!,#DIV/0!,#DIV/0!, , ,
A4042-015BF51C015,A4042-015B,F51,C015,D12,-,0.00,-,,0,0,103.7,0.0,0.0,0.0,,4, 1.00 , 0.50 ,7.28,110%, ,25.68,11.81,6.58, , ,
A4042-140BF51C015,A4042-140B,F51,C015,D12,-,0.00,-,,0,0,103.7,0.0,0.0,0.0,,4, 1.00 , 0.50 ,7.28,110%, ,25.68,11.81,6.58, , ,
A4042-201BF51C015,A4042-201B,F51,C015,D12,-,0.00,-,,0,0,103.7,0.0,0.0,0.0,,4, 1.00 , 0.50 ,7.28,110%, ,25.68,11.81,6.58, , ,
A4044-015BF51C015,A4044-015B,F51,C015,,,,,,0,0,103.7,0.0,0.0,#DIV/0!,,4, 1.00 , 0.50 ,7.28,110%, ,#DIV/0!,#DIV/0!,#DIV/0!, , ,
A4044-201BF51C015,A4044-201B,F51,C015,D12,-,0.00,-,,0,0,103.7,0.0,0.0,0.0,,4, 1.00 , 0.50 ,7.28,110%, ,25.68,11.81,6.58, , ,
A4040-015BF51,A4040-015B,F51,,,,,,,0,0,103.7,0.0,0.0,#DIV/0!,,4, 1.00 , 0.50 ,7.28,110%, ,#DIV/0!,#DIV/0!,#DIV/0!,#DIV/0!, ,
A4040-201BF51,A4040-201B,F51,,,,,,,0,0,103.7,0.0,0.0,#DIV/0!,,4, 1.00 , 0.50 ,7.28,110%, ,#DIV/0!,#DIV/0!,#DIV/0!,#DIV/0!, ,
A4045-015BF51,A4045-015B,F51,,,,,,,0,0,103.7,0.0,0.0,#DIV/0!,,4, 1.00 , 0.50 ,7.28,110%, ,#DIV/0!,#DIV/0!,#DIV/0!,#DIV/0!, ,
A4045-201BF51,A4045-201B,F51,,,,,,,0,0,103.7,0.0,0.0,#DIV/0!,,4, 1.00 , 0.50 ,7.28,110%, ,#DIV/0!,#DIV/0!,#DIV/0!,#DIV/0!, ,
A4046-140BF51,A4046-140B,F51,,,,,,,0,0,103.7,0.0,0.0,#DIV/0!,,4, 1.00 , 0.50 ,7.28,110%, ,#DIV/0!,#DIV/0!,#DIV/0!,#DIV/0!, ,
A4046-015BF51,A4046-015B,F51,,,,,,,0,0,103.7,0.0,0.0,#DIV/0!,,4, 1.00 , 0.50 ,7.28,110%, ,#DIV/0!,#DIV/0!,#DIV/0!,#DIV/0!, ,
A4046-201BF51,A4046-201B,F51,,,,,,,0,0,103.7,0.0,0.0,#DIV/0!,,4, 1.00 , 0.50 ,7.28,110%, ,#DIV/0!,#DIV/0!,#DIV/0!,#DIV/0!, ,
A4038-201BF51,A4038-201B,F51,,,,,,,0,0,103.7,0.0,0.0,#DIV/0!,,4, 1.00 , 0.50 ,7.28,110%, ,#DIV/0!,#DIV/0!,#DIV/0!,#DIV/0!, ,
A4038-015BF51,A4038-015B,F51,,,,,,,0,0,103.7,0.0,0.0,#DIV/0!,,4, 1.00 , 0.50 ,7.28,110%, ,#DIV/0!,#DIV/0!,#DIV/0!,#DIV/0!, ,
A4038-140BF51,A4038-140B,F51,,,,,,,0,0,103.7,0.0,0.0,#DIV/0!,,4, 1.00 , 0.50 ,7.28,110%, ,#DIV/0!,#DIV/0!,#DIV/0!,#DIV/0!, ,
7V2520-707F53,7V2520-707,F53,,,,,,,0,0,103.7,0.0,0.0,#DIV/0!,,3, 1.00 , 0.50 ,7.28,110%, ,#DIV/0!,#DIV/0!,#DIV/0!,#DIV/0!, ,
7V2524-707F53,7V2524-707,F53,,,,,,,0,0,103.7,0.0,0.0,#DIV/0!,,3, 1.00 , 0.50 ,7.28,110%, ,#DIV/0!,#DIV/0!,#DIV/0!,#DIV/0!, ,
7V2527-707F53,7V2527-707,F53,,,,,,,0,0,103.7,0.0,0.0,#DIV/0!,,3, 1.00 , 0.50 ,7.28,110%, ,#DIV/0!,#DIV/0!,#DIV/0!,#DIV/0!, ,
7V2530-707F53,7V2530-707,F53,,,,,,,0,0,103.7,0.0,0.0,#DIV/0!,,3, 1.00 , 0.50 ,7.28,110%, ,#DIV/0!,#DIV/0!,#DIV/0!,#DIV/0!, ,
7V2534-707F53,7V2534-707,F53,,,,,,,0,0,103.7,0.0,0.0,#DIV/0!,,3, 1.00 , 0.50 ,7.28,110%, ,#DIV/0!,#DIV/0!,#DIV/0!,#DIV/0!, ,
7V2537-707F53,7V2537-707,F53,,,,,,,0,0,103.7,0.0,0.0,#DIV/0!,,3, 1.00 , 0.50 ,7.28,110%, ,#DIV/0!,#DIV/0!,#DIV/0!,#DIV/0!, ,
A4048-015BF51,A4048-015B,F51,,,,,,,0,0,103.7,0.0,0.0,#DIV/0!,,4, 1.00 , 0.50 ,7.28,110%, ,#DIV/0!,#DIV/0!,#DIV/0!,#DIV/0!, ,
A4048-201BF51,A4048-201B,F51,,,,,,,0,0,103.7,0.0,0.0,#DIV/0!,,4, 1.00 , 0.50 ,7.28,110%, ,#DIV/0!,#DIV/0!,#DIV/0!,#DIV/0!, ,
7V1170-707F54C117,7V1170-707,F54,C117,D9CPF,-,0.00,-,,0,0,188.0,0.0,0.0,0.0,,4, 1.00 , 0.50 ,7.28,110%, ,29.83,14.74,7.87, , ,
7V2170-707F54C117,7V2170-707,F54,C117,D9CPF,-,0.00,-,,0,0,188.0,0.0,0.0,0.0,,4, 1.00 , 0.50 ,7.28,110%, ,29.83,14.74,7.87, , ,
7V1630-707F54,7V1630-707,F54,,,,,,,0,0,188.0,0.0,0.0,#DIV/0!,,4, 1.00 , 0.50 ,7.28,110%, ,#DIV/0!,#DIV/0!,#DIV/0!, , ,
7V2630-707F54,7V2630-707,F54,,,,,,,0,0,188.0,0.0,0.0,#DIV/0!,,4, 1.00 , 0.50 ,7.28,110%, ,#DIV/0!,#DIV/0!,#DIV/0!, , ,
7M5090-707F54,7M5090-707,F54,,,,,,,0,0,188.0,0.0,0.0,#DIV/0!,,4, 1.00 , 0.50 ,7.28,110%, ,#DIV/0!,#DIV/0!,#DIV/0!, , ,
7M5094-707F54,7M5094-707,F54,,,,,,,0,0,188.0,0.0,0.0,#DIV/0!,,4, 1.00 , 0.50 ,7.28,110%, ,#DIV/0!,#DIV/0!,#DIV/0!, , ,
A4043-201BF55,A4043-201B,F55,,,,,,,0,0,110.0,0.0,0.0,#DIV/0!,,1, 1.00 , 0.50 ,7.28,110%,#DIV/0!,#DIV/0!, , , , ,
A4043-015BF55,A4043-015B,F55,,,,,,,0,0,110.0,0.0,0.0,#DIV/0!,,1, 1.00 , 0.50 ,7.28,110%,#DIV/0!,#DIV/0!, , , , ,
A4043-140BF55,A4043-140B,F55,,,,,,,0,0,110.0,0.0,0.0,#DIV/0!,,1, 1.00 , 0.50 ,7.28,110%,#DIV/0!,#DIV/0!, , , , ,
7V2520-707F55,7V2520-707,F55,,,,,,,0,0,110.0,0.0,0.0,#DIV/0!,,1, 1.00 , 0.50 ,7.28,110%,#DIV/0!,#DIV/0!, , , , ,
7V1530-707F55,7V1530-707,F55,,,,,,,0,0,110.0,0.0,0.0,#DIV/0!,,1, 1.00 , 0.50 ,7.28,110%,#DIV/0!,#DIV/0!, , , , ,
7V1534-707F55,7V1534-707,F55,,,,,,,0,0,110.0,0.0,0.0,#DIV/0!,,1, 1.00 , 0.50 ,7.28,110%,#DIV/0!,#DIV/0!, , , , ,
7V1537-707F55,7V1537-707,F55,,,,,,,0,0,110.0,0.0,0.0,#DIV/0!,,1, 1.00 , 0.50 ,7.28,110%,#DIV/0!,#DIV/0!, , , , ,
7V2530-707F55,7V2530-707,F55,,,,,,,0,0,110.0,0.0,0.0,#DIV/0!,,1, 1.00 , 0.50 ,7.28,110%,#DIV/0!,#DIV/0!, , , , ,
7V2534-707F55,7V2534-707,F55,,,,,,,0,0,110.0,0.0,0.0,#DIV/0!,,1, 1.00 , 0.50 ,7.28,110%,#DIV/0!,#DIV/0!, , , , ,
7V2537-707F55,7V2537-707,F55,,,,,,,0,0,110.0,0.0,0.0,#DIV/0!,,1, 1.00 , 0.50 ,7.28,110%,#DIV/0!,#DIV/0!, , , , ,
7V2510-707F56,7V2510-707,F56,,,,,,,0,0,110.0,0.0,0.0,#DIV/0!,,1, 1.00 , 0.50 ,7.28,110%,#DIV/0!,#DIV/0!, , , , ,
7V2514-707F56,7V2514-707,F56,,,,,,,0,0,110.0,0.0,0.0,#DIV/0!,,1, 1.00 , 0.50 ,7.28,110%,#DIV/0!,#DIV/0!, , , , ,
7V2517-707F56,7V2517-707,F56,,,,,,,0,0,110.0,0.0,0.0,#DIV/0!,,1, 1.00 , 0.50 ,7.28,110%,#DIV/0!,#DIV/0!, , , , ,
7V1490-707F57,7V1490-707,F57,,,,,,,0,0,110.0,0.0,0.0,#DIV/0!,,1, 1.00 , 0.50 ,7.28,110%,#DIV/0!,#DIV/0!, , , , ,
A1524-012BIF1,A1524-012B,IF1,,,,,,,0,0,155.2,0.0,0.0,#DIV/0!,,2, -   , 0.50 ,7.28,110%,#DIV/0!,#DIV/0!,#DIV/0!, , , ,
A1524-201BIF1,A1524-201B,IF1,,,,,,,0,0,155.2,0.0,0.0,#DIV/0!,,2, -   , 0.50 ,7.28,110%,#DIV/0!,#DIV/0!,#DIV/0!, , , ,
A1524-462BIF1,A1524-462B,IF1,,,,,,,0,0,155.2,0.0,0.0,#DIV/0!,,2, -   , 0.50 ,7.28,110%,#DIV/0!,#DIV/0!,#DIV/0!, , , ,
A1533-012BIF1,A1533-012B,IF1,,,,,,,0,0,155.2,0.0,0.0,#DIV/0!,,2, -   , 0.50 ,7.28,110%,#DIV/0!,#DIV/0!,#DIV/0!, , , ,
A1533-201BIF1,A1533-201B,IF1,,,,,,,0,0,155.2,0.0,0.0,#DIV/0!,,2, -   , 0.50 ,7.28,110%,#DIV/0!,#DIV/0!,#DIV/0!, , , ,
A1533-462BIF1,A1533-462B,IF1,,,,,,,0,0,155.2,0.0,0.0,#DIV/0!,,2, -   , 0.50 ,7.28,110%,#DIV/0!,#DIV/0!,#DIV/0!, , , ,
7V1630-701CF9C017,7V1870-701,CF9,C017,B15,NHK,0.00,16,,0,0,30.0,0.0,0.0,0.0,,1, 0.50 , 0.50 ,7.28,110%,53.83,26.78,19.94,19.94, , ,
7V1630-701CF9C017,7V1874-701,CF9,C017,B15,NHK,0.00,16,,0,0,30.0,0.0,0.0,0.0,,1, 0.50 , 0.50 ,7.28,110%,53.83,26.78,19.94,19.94, , ,
7V1650-701CF9C017,7V1900-701,CF9,C017,B15,NHK,0.00,16,,0,0,30.0,0.0,0.0,0.0,,1, 0.50 , 0.50 ,7.28,110%,59.27,32.37,20.55,20.55, , ,
7V1650-701CF9C017,7V1904-701,CF9,C017,B15,NHK,0.00,16,,0,0,30.0,0.0,0.0,0.0,,1, 0.50 , 0.50 ,7.28,110%,59.27,32.37,20.55,20.55, , ,
7V2630-701CF9C017,7V2870-701,CF9,C017,B15,NHK,0.00,16,,0,0,30.0,0.0,0.0,0.0,,1, 0.50 , 0.50 ,7.28,110%,53.83,26.78,19.94,19.94, , ,
7V2630-701CF9C017,7V2874-701,CF9,C017,B15,NHK,0.00,16,,0,0,30.0,0.0,0.0,0.0,,1, 0.50 , 0.50 ,7.28,110%,53.83,26.78,19.94,19.94, , ,
7M5410-701CF1,7M5410-701,CF1,,,Ascent,60.00,15,,5,4,45.0,180.0,900.0,2.0,,3, 0.50 , 0.50 ,7.28,110%, , ,30.05,23.53, , ,
7M5414-701CF1,7M5414-701,CF1,,,Ascent,60.00,15,,5,4,45.0,180.0,900.0,2.0,,3, 0.50 , 0.50 ,7.28,110%, , ,30.05,23.53, , ,
7M9270-701CF1,7M9270-701,CF1,,,Ascent,322.00,8,,27,12,45.0,540.0,900.0,2.0,,4, 0.50 , 0.50 ,7.28,110%, , ,39.07,24.22, , ,
