7,Part No.,Cell,Cust,Tech,1 Assoc,2 Assoc,3 Assoc,4 Assoc,5 Assoc,6 Assoc,7 Assoc
8,,,,,(sec/pc),,,,,,
9,A0971A,A4A sub,,D10,12.148317204301076, , , , , ,
10,A4457H,S3A,,D13, , , , , , ,142.54652076318746
11,A4457J,S3A,,D13, , , , , , ,142.54652076318746
12,A4484G,S3A,,D13, , , , , , ,142.54652076318746
13,A4483H,S3A,,D13, , , , , , ,142.54652076318746
14,7P0782-7011,S3A,,D13, , , , , ,,142.54652076318746
15,7V0718-7012,S3A,,D13, , , , , ,,142.54652076318746
16,50552A,A4A sub,,D10,3.003, , , , , ,
17,50561B,A4A sub,,D10,3.003, , , , , ,
18,50562B,A4A sub,,D10,3.003, , , , , ,
19,50567A,A4A sub,,D10,3.003, , , , , ,
20,50568A,A4A sub,,D10,3.003, , , , , ,
21,A0951A,A4A sub,,D10,12.148317204301076, , , , , ,
22,A0948A,A4A sub,,D10,12.148317204301076, , , , , ,
23,A0960A,A4A sub,,D10,12.148317204301076, , , , , ,
24,50578A,A4A sub,,D10,3.003, , , , , ,
25,A4315C,A4A,,D10, ,232.00000000000003, , , , ,
26,A0261B,A4A,,D10, ,232.00000000000003, , , , ,
27,A0268B,A4A,,D10, ,232.00000000000003, , , , ,
28,A0265B,A4A,,D10, ,232.00000000000003, , , , ,
29,A0264B,A4A,,D10, ,232.00000000000003, , , , ,
30,A4320B,A4A,,D10, ,232.00000000000003, , , , ,
31,A4321B,A4A,,D10, ,232.00000000000003, , , , ,
32,A4341D,A4A,,D10, ,232.00000000000003, , , , ,
33,A4342E,A4A,,D10, ,232.00000000000003, , , , ,
34,A4343B,A4A,,D10, ,232.00000000000003, , , , ,
35,A4344B,A4A,,D10, ,232.00000000000003, , , , ,
36,A4367D,A4A,,D10, ,232.00000000000003, , , , ,
37,A1418E,A4A,,D10, ,232.00000000000003, , , , ,
38,A1436B,A4A,,D10, ,232.00000000000003, , , , ,
39,A1435B,A4A,,D10, ,232.00000000000003, , , , ,
40,A4463C,A4A,,D10, ,232.00000000000003, , , , ,
41,A4468B,A4A,,D10, ,232.00000000000003, , , , ,
42,A4469B,A4A,,D10, ,232.00000000000003, , , , ,
43,A4319B,A4A,,D10, ,232.00000000000003, , , , ,
44,A4318B,A4A,,D10, ,232.00000000000003, , , , ,
45,50579A,A4A sub,,D10,12.148317204301076, , , , , ,
46,50580A,A4A sub,,D10,12.148317204301076, , , , , ,
47,A0980A,CS2,,,13.037200000000002, , , , , ,
48,A0975B,CS2,,,13.037200000000002, , , , , ,
49,A4554D,A6A,C007,D13,5.263157894736842,10.526315789473683, , , , ,
50,A4551C,A6A,C007,D13,5.263157894736842,10.526315789473683, , , , ,
51,A4554D,A6A,U090,D13,5.263157894736842,10.526315789473683, , , , ,
52,A4551C,A6A,U090,D13,5.263157894736842,10.526315789473683, , , , ,
53,A4551C,A6A,U006,D13,5.263157894736842,10.526315789473683, , , , ,
54,A4554D,A6A,C007,D13,5.263157894736842,10.526315789473683, , , , ,
55,7P0768-7013,A6A,C028,D13,5.263157894736842,10.526315789473683, , , , ,
56,7P0770-7013,A6A,C028,D13,5.263157894736842,10.526315789473683, , , , ,
57,7P0779-7021,A6A,C028,D13,5.263157894736842,10.526315789473683, , , , ,
58,A4539C,A6A,C028,D13,5.263157894736842,10.526315789473683, , , , ,
59,A4544E,A6A,C028,D13,5.263157894736842,10.526315789473683, , , , ,
60,A4547C,A6A,C028,D13,5.263157894736842,10.526315789473683, , , , ,
61,A4551C,A6A,C028,D13,5.263157894736842,10.526315789473683, , , , ,
62,A4553C,A6A,U006,D13,5.263157894736842,10.526315789473683, , , , ,
63,A4556E,A6A,U006,D13,5.263157894736842,10.526315789473683,,, , ,
64,A4538C,A6A,U070,D13,5.263157894736842,10.526315789473683,,, , ,
65,A4539C,A6A,U070,D13,5.263157894736842,10.526315789473683, , , , ,
66,A4540D,A6A,U070,D13,5.263157894736842,10.526315789473683,, , , ,
67,A4537D,A6A,U070,D13,5.263157894736842,10.526315789473683, , , , ,
68,A4558C,A6A,C028,D13,5.263157894736842,10.526315789473683, , , , ,
69,A4561C,A6A,U050,D13,5.263157894736842,10.526315789473683, , , , ,
70,A4550C,A6A,U050,D13,5.263157894736842,10.526315789473683, , , , ,
71,7P0781-7021,A6A,U006,D13,5.263157894736842,10.526315789473683, , , , ,
72,7P0783-7021,A6A,U006,D13,5.263157894736842,10.526315789473683, , , , ,
73,A4561C,A6A,C007,D13,5.263157894736842,10.526315789473683, , , , ,
74,A4560C,A6A,C007,D13,5.263157894736842,10.526315789473683, , , , ,
75,A4538C,A6A,U044,D13,5.263157894736842,10.526315789473683, , , , ,
76,A4539C,A6A,U044/U041,D13,5.263157894736842,10.526315789473683, , , , ,
77,A4540D,A6A,U044/U041,D13,5.263157894736842,10.526315789473683, , , , ,
78,A4537D,A6A,U044,D13,5.263157894736842,10.526315789473683, , , , ,
79,7P0775-7021,A6A,U092,D13,5.263157894736842,10.526315789473683, , , , ,
80,7P0777-7021,A6A,U092,D13,5.263157894736842,10.526315789473683, , , , ,
81,7P0776-7021,A6A,U092,D13,5.263157894736842,10.526315789473683,,, , ,
82,7P0778-7021,A6A,U092,D13,5.263157894736842,10.526315789473683,,, , ,
83,7M5280-7081,P61,,D12,11.2432474592295, , , , , ,
84,7M5300-7091,P61,,D12,16.531, , , , , ,
85,7M5290-7091,P61,,D12,16.531, , , , , ,
86,7P0775-7010,AA06,,D13, ,10,,, , ,
87,7P0776-7010,AA06,,D13, ,10,,, , ,
88,7P0777-7010,AA06,,D13, ,10,,, , ,
89,7P0778-7010,AA06,,D13, ,10,,, , ,
90,A4481F,AA06,,D13, ,10,,, , ,
91,7F0010-7630,AC1,,,8.91,,,, , ,
92,7F0010-7830,AC1,,,8.91,,,, , ,
93,7F0010-7680,SA6,,D-13 D-Cut Process,14.037861497496635,,,,,,
94,7F0010-7570,SA6,,D-13 D-Cut Process,14.037861497496635,,,,,,
95,7F0010-7031,SA6,,D-12 Web Loop Stopper Cut & Sew Process,18.437861497496634,,,,,,
96,50753B-435B,SUB5,,, ,133.56,,,,,
97,A0707B-137B,SUB5,,, ,133.56,,,,,
98,A0604E,AA07,,,,9.88, , , , ,
99,A0606D,AA07,,,,9.88, , , , ,
100,A0606C,AA07,,,,9.88, , , , ,
101,A0607D,AA07,,,,9.88, , , , ,
102,A0646D,AA07,,,,9.88, , , , ,
103,A0647D,AA07,,,,9.88, , , , ,
104,A0655D,AA07,,,,9.88, , , , ,
105,A0656E,AA07,,,,9.88, , , , ,
106,A0662C,AA07,,,,9.88, , , , ,
107,7L0038-7012,AA07,,,,9.88, , , , ,
108,7L0039-7013,AA07,,,,9.88, , , , ,
109,7L0040-7012,AA07,,,,9.88, , , , ,
110,7L0041-7012,AA07,,,,9.88, , , , ,
111,7V1670-7031,AA07,,,,9.88, , , , ,
112,7V2670-7031,AA07,,,,9.88, , , , ,
113,7V1950-7030,AA07,,,,9.88,,,,,
114,7V2950-7030,AA07,,,,9.88,,,,,
115,7V1610-7032,AA07,,,,9.88, , , , ,
116,7L0109-7020,AA07,,D13 SFL,,9.88, , , , ,
117,A0606D,AA08,,D13 SFL,4.222222222222222, , , , , ,
118,A0607D,AA08,,D13 SFL,4.222222222222222, , , , , ,
119,7L0059-7011,AA08,,D13 SFL,4.222222222222222,, , , , ,
120,50753B-105B,SUB5,,D13 SFL,,133.56, , , , ,
121,50754B-435B,SUB5,,D13 SFL, ,133.56, , , , ,
122,A0726B-105B,SUB5,,D13 SFL, ,133.56, , , , ,
123,A0726B-443B,SUB5,,D13 SFLII, ,133.56, , , , ,
124,A0707B-128B,SUB5,,D13, ,133.56, , , , ,
125,A0707B-447B,SUB5,,D13, ,133.56, , , , ,
126,50795E-134B,SUB5,,D13, ,133.56, , , , ,
127,50796E-134B,SUB5,,D13, ,133.56, , , , ,
128,A0701C-128B,SUB5,,D13, ,133.56, , , , ,
129,A0729B-457B,CS2,,D13, , , ,7, , ,
130,A0729B-456B,CS2,,D13, , , ,7, , ,
131,A0741C-456B,SA1,,D13, , , ,12, , ,
132,50753B-201B,SUB5,,D13 SFLII, ,133.56, , , , ,
133,50753B-PC63,SUB5,,D13 SFLII, ,133.56, , , , ,
134,50753B-PK30,SUB5,,D13, ,133.56, , , , ,
135,50754B-110B,SUB5,,D13 , ,133.56, , , , ,
136,A0702B-007B,SUB5,,D13 , ,133.56, , , , ,
137,A0702B-134B,SUB5,,D13 , ,133.56, , , , ,
138,50754B-003B,SUB5,,D-Cut Process, ,133.56, , , , ,
139,50754B-119B,SUB5,,, ,133.56, , , , ,
140,50754B-611B,SUB5,,, ,133.56, , , , ,
141,50753B-PC35,SUB5,,, ,133.56, , , , ,
142,A2633B-PC72,SUB5,,, ,18, , , , ,
143,A2633B-PG05,SUB5,,, ,18, , , , ,
144,7F0010-7031,SA6,,D-12 Web Loop Stopper Cut & Sew Process,18.150000000000002, , , , , ,
145,7F0010-7730,AC4,,,8.91, , , , , ,
146,7F0010-7740,AC4,,,8.91, , , , , ,
147,7F0010-7750,AC4,,,8.91, , , , , ,
148,7F0010-7760,AC4,,,8.91, , , , , ,
149,7F0010-7770,AC4,,,8.91, , , , , ,
150,7F0010-7780,AC4,,,8.91, , , , , ,
151,7F0010-7840,AC4,,,8.91, , , , , ,
152,7V2420-7080,S12A,U006,,36.68701755216719,41.31749374264339, , , , ,
153,7V1420-7080,S12A,U006,,37.924517552167195,41.31749374264339, , , , ,
154,7V2500-7080,S12A,C028,,36.68701755216719,41.31749374264339, , , , ,
155,7V1500-7080,S12A,C028,,36.68701755216719,41.31749374264339, , , , ,
156,7V1210-7080,S12A,C007,,48.262317552167204,49.707141361691, , , , ,
157,7V2210-7080,S12A,C007,,48.262317552167204,49.707141361691, , , , ,
158,7V1380-7081,S12A,C007,,48.262317552167204,49.707141361691, , , , ,
159,7V2380-7081,S12A,C007,,48.262317552167204,49.707141361691, , , , ,
160,7V2420-7080,S12B,U006,,33.74881960784314,38.37929579831934, , , , ,
161,7V1420-7080,S12B,C007&U006,,34.98631960784314,38.37929579831934, , , , ,
162,7V2420-7080,S12B,C007,,32.98166666666667,37.61214285714287, , , , ,
163,7V1780-7081,SA15,,,31.097,34.1, , , , ,
164,7V2780-7081,SA15,,,31.097,34.1, , , , ,
165,730428-0720,SA16,,,17.1974, , , , , ,
166,730428-0730,SA16,,,17.1974, , , , , ,
167,A3948B,SA4,,, , ,24.62, , , ,
168,7P0781-7010 ,AA06,,, ,10, , , , ,
169,7P0779-7040,AA06,,,36.3,, , , , ,
170,7P0734-7110,A6S5,,, , ,41.998000000000005, , , ,
171,7P0782-7030,A6S6,,, , ,40.953, , , ,
172,7P0745-7090,A6S2,,, ,36.498000000000005, , , , ,
173,7P0783-7010,AA06,,, ,9.999, , , , ,
174,7P0767-7012,AA06,,, ,9.999, , , , ,
175,7P0769-7011,AA06,,, ,9.999, , , , ,
176,7P0779-7011,AA06,,, ,9.999, , , , ,
177,A4464D,AA06,,, ,9.999, , , , ,
178,A4465D,AA06,,, ,9.999, , , , ,
179,A4466D,AA06,,, ,9.999, , , , ,
180,A4467D,AA06,,, ,9.999, , , , ,
181,A3948A,A6S1,,, ,29, , , , ,
182,7P0782-7020,A6B,,, ,7.660800000000001, , , , ,
183,A4556E,A6B,,, ,7.660800000000001, , , , ,
184,A4554D,A6B,,, ,7.660800000000001, , , , ,
185,7P0770-7013,A6B,,, ,7.660800000000001, , , , ,
186,A4544E,A6B,,, ,7.660800000000001, , , , ,
187,7F0010-1110,SA6,U455,TRMX,19.537861497496632, , , , , ,
188,7F0010-1120,SA6,U455,TRMX,19.25, , , , , ,
189,7F0010-1130,SA6,U455,TRMX,19.537861497496632, , , , , ,
190,7F0010-7330,AC1/AC2/AC3,,D14, , , , , , ,
191,7F0010-7340,AC1/AC2/AC3,,D14, , , , , , ,
192,7F0010-7350,AC1/AC2/AC3,,D14, , , , , , ,
193,7F0010-7250,AC1/AC2/AC3,,D14, , , , , , ,
194,7F0010-7170,AC1/AC2/AC3,,D14, , , , , , ,
195,7F0010-7180,AC1/AC2/AC3,,D14, , , , , , ,
196,7F0010-7070,AC1/AC2/AC3,,D14, , , , , , ,
197,7F0010-7080,AC1/AC2/AC3,,D14, , , , , , ,
198,7F0010-7680,AC1/AC2/AC3,,D13, , , , , , ,
199,7F0010-7660,AC1/AC2/AC3,,D13, , , , , , ,
200,7F0010-7690,AC1/AC2/AC3,,D13, , , , , , ,
201,7F0010-7670,AC1/AC2/AC3,,D13, , , , , , ,
202,7F0010-7630,AC1/AC2/AC3,,D14, , , , , , ,
203,7F0010-7090,AC1/AC2/AC3,,D13/D11, , , , , , ,
204,7F0010-7100,AC1/AC2/AC3,,D13/D11, , , , , , ,
205,7F0010-7130,AC1/AC2/AC3,,D13/D11, , , , , , ,
206,7F0010-7140,AC1/AC2/AC3,,D13/D11, , , , , , ,
207,7F0010-7010,AC1/AC2/AC3,,D13/D11, , , , , , ,
208,7F0010-7590,AC1/AC2/AC3,,D13/D11, , , , , , ,
209,7F0010-7600,AC1/AC2/AC3,,D13/D11, , , , , , ,
210,7F0010-7570,AC1/AC2/AC3,,D13/D11, , , , , , ,
211,7F0010-7640,AC1/AC2/AC3,,D13/D11, , , , , , ,
212,7F0010-7580,AC1/AC2/AC3,,D13/D11, , , , , , ,
213,7F0010-7650,AC1/AC2/AC3,,D13/D11, , , , , , ,
214,S8774B-Y2Y9,AC1/AC2/AC3,,D13/D11, , , , , , ,
215,S8774B-G3G4,AC1/AC2/AC3,,D13/D11, , , , , , ,
216,S8774B-Y4CN,AC1/AC2/AC3,,D13/D11, , , , , , ,
217,S8774B-F0K3,AC1/AC2/AC3,,D13/D11, , , , , , ,
218,S8774B-G1WD,AC1/AC2/AC3,,D13/D11, , , , , , ,
219,S8624C-G0K7,AC1/AC2/AC3,,D13/D11, , , , , , ,
220,S8624C-G1WD,AC1/AC2/AC3,,D13/D11, , , , , , ,
221,S8624C-Y2Y9,AC1/AC2/AC3,,D13/D11, , , , , , ,
222,S8779B-G0K7,AC1/AC2/AC3,,D13/D11, , , , , , ,
223,S8779B-F0K3,AC1/AC2/AC3,,D13/D11, , , , , , ,
224,S8779B-G1WD,AC1/AC2/AC3,,D13/D11, , , , , , ,
225,S8779B-Y2Y9,AC1/AC2/AC3,,D13/D11, , , , , , ,
226,S8774B-F2K4,AC1/AC2/AC3,,D13/D11, , , , , , ,
227,S8779B-F2K4,AC1/AC2/AC3,,D13/D11, , , , , , ,
228,S8624C-G4BJ,AC1/AC2/AC3,,D13/D11, , , , , , ,
229,S8774B-G0K7,AC1/AC2/AC3,,D13/D11, , , , , , ,
230,S8702B-G1WD,AC1/AC2/AC3,,D13/D11, , , , , , ,
231,S8702B-F2K4,AC1/AC2/AC3,,D13/D11, , , , , , ,
232,S8702B-F0K3,AC1/AC2/AC3,,D13/D11, , , , , , ,
233,S8750B-F2K4,AC1/AC2/AC3,,D13/D11, , , , , , ,
234,S8637A-F0K3,AC1/AC2/AC3,,D13/D11, , , , , , ,
235,S8637A-G1WD,AC1/AC2/AC3,,D13/D11, , , , , , ,
236,S8637A-Y2Y9,AC1/AC2/AC3,,D13/D11, , , , , , ,
237,S8628B-G0K7,AC1/AC2/AC3,,D13/D11, , , , , , ,
238,S8628B-Y2Y9,AC1/AC2/AC3,,D13/D11, , , , , , ,
239,S8628B-G4BJ,AC1/AC2/AC3,,D13/D11, , , , , , ,
240,S8626B-G0K7,AC1/AC2/AC3,,D13/D11, , , , , , ,
241,S8626B-Y2Y9,AC1/AC2/AC3,,D13/D11, , , , , , ,
242,S8626B-G4BJ,AC1/AC2/AC3,,D13/D11, , , , , , ,
243,7F0010-7360,AC4/AC5,,D12, , , , , , ,
244,7F0010-7370,AC4/AC5,,D12, , , , , , ,
245,7F0010-7380,AC4/AC5,,D12, , , , , , ,
246,7F0010-7220,AC4/AC5,,D13, , , , , , ,
247,S8789A-F0K3,AC4/AC5,,D12, , , , , , ,
248,S8789A-G0K7,AC4/AC5,,D12, , , , , , ,
249,S8789A-G1WD,AC4/AC5,,D12, , , , , , ,
250,S8789A-Y2Y9,AC4/AC5,,D12, , , , , , ,
251,S8625A-F0K3,AC4/AC5,,D12, , , , , , ,
252,S8781B-F0K3,AC4/AC5,,D12, , , , , , ,
253,S8786A-F0K3,AC4/AC5,,D12, , , , , , ,
254,S8638A-Y2Y9,AC4/AC5,,D12, , , , , , ,
255,7F0010-7020,AC4/AC5,,D12, , , , , , ,
256,7F0010-7040,AC4/AC5,,D12, , , , , , ,
257,7F0010-7050,AC4/AC5,,D12, , , , , , ,
258,7F0010-7060,AC4/AC5,,D12, , , , , , ,
259,7F0010-7110,AC4/AC5,,D12, , , , , , ,
260,7F0010-7120,AC4/AC5,,D12, , , , , , ,
261,7F0010-7150,AC4/AC5,,D12, , , , , , ,
262,7F0010-7160,AC4/AC5,,D12, , , , , , ,
263,7F0010-7610,AC4/AC5,,D12, , , , , , ,
264,7F0010-7620,AC4/AC5,,D12, , , , , , ,
265,S8796A-F0K3,AC4/AC5,,D12, , , , , , ,
266,S8796A-F2K4,AC4/AC5,,D12, , , , , , ,
267,S8796A-G1WD,AC4/AC5,,D12, , , , , , ,
268,S8608A-G1WD,AC4/AC5,,D12, , , , , , ,
269,S8608A-Y2Y9,AC4/AC5,,D12, , , , , , ,
270,S8608A-Y4CN,AC4/AC5,,D12, , , , , , ,
271,S8731D-F0K3,AC4/AC5,,D12, , , , , , ,
272,S8731D-F2K4,AC4/AC5,,D12, , , , , , ,
273,S8731D-G1WD,AC4/AC5,,D12, , , , , , ,
274,S8751D-F0K3,AC4/AC5,,D12, , , , , , ,
275,S8751D-F2K4,AC4/AC5,,D12, , , , , , ,
276,S8751D-G1WD,AC4/AC5,,D12, , , , , , ,
277,S8797A-G1WD,AC4/AC5,,D12, , , , , , ,
278,S8797A-Y2Y9,AC4/AC5,,D12, , , , , , ,
279,S8797A-Y4CN,AC4/AC5,,D12, , , , , , ,
280,S8752B-F0K3,AC4/AC5,,D12, , , , , , ,
281,S8752B-F2K4,AC4/AC5,,D12, , , , , , ,
282,S8752B-G1WD,AC4/AC5,,D12, , , , , , ,
283,S8790A-F0K3,AC4/AC5,,D12, , , , , , ,
284,S8790A-F2K4,AC4/AC5,,D12, , , , , , ,
285,S8790A-G1WD,AC4/AC5,,D12, , , , , , ,
286,S8726A-184D,AC4/AC5,,D12, , , , , , ,
287,S8726C-184D,AC4/AC5,,D12, , , , , , ,
288,S8623B-G0K7,AC4/AC5,,D12, , , , , , ,
289,S8623B-G1WD,AC4/AC5,,D12, , , , , , ,
290,S8623B-Y2Y9,AC4/AC5,,D12, , , , , , ,
291,S8625A-G0K7,AC4/AC5,,D12, , , , , , ,
292,S8625A-G1WD,AC4/AC5,,D12, , , , , , ,
293,S8625A-Y2Y9,AC4/AC5,,D12, , , , , , ,
294,S8741A-G0K7,AC4/AC5,,D12, , , , , , ,
295,S8741A-Y2Y9,AC4/AC5,,D12, , , , , , ,
296,S8781B-G0K7,AC4/AC5,,D12, , , , , , ,
297,S8781B-G1WD,AC4/AC5,,D12, , , , , , ,
298,S8781B-Y2Y9,AC4/AC5,,D12, , , , , , ,
299,S8786A-G0K7,AC4/AC5,,D12, , , , , , ,
300,S8786A-G1WD,AC4/AC5,,D12, , , , , , ,
301,S8786A-Y2Y9,AC4/AC5,,D12, , , , , , ,
302,S8787A-G0K7,AC4/AC5,,D12, , , , , , ,
303,S8787A-G1WD,AC4/AC5,,D12, , , , , , ,
304,S8787A-Y2Y9,AC4/AC5,,D12, , , , , , ,
305,S8630A-Y2Y9,AC4/AC5,,D12, , , , , , ,
306,S8630A-G4BJ,AC4/AC5,,D12, , , , , , ,
307,7F0010-7231,AC4/AC5,,D12, , , , , , ,
308,7F0010-7390,AC4/AC5,,D12, , , , , , ,
309,7F0010-7400,AC4/AC5,,D12, , , , , , ,
310,7F0010-7410,AC4/AC5,,D12, , , , , , ,
311,7F0010-7420,AC4/AC5,,D12, , , , , , ,
312,7F0010-7430,AC4/AC5,,D12, , , , , , ,
313,7F0010-7440,AC4/AC5,,D12, , , , , , ,
314,7F0010-7480,AC4/AC5,,D12, , , , , , ,
315,7F0010-7490,AC4/AC5,,D12, , , , , , ,
316,7F0010-7500,AC4/AC5,,D12, , , , , , ,
317,7F0010-7510,AC4/AC5,,D12, , , , , , ,
318,7F0010-7450,AC4/AC5,,D12, , , , , , ,
319,7F0010-7460,AC4/AC5,,D12, , , , , , ,
320,7F0010-7470,AC4/AC5,,D12, , , , , , ,
321,7F0010-0071,WEB3,,B15C, , , , , , ,
322,7F0010-0101,WEB3,,B15C, , , , , , ,
323,7F0010-0191,WEB3,,B15C, , , , , , ,
324,7F0010-0251,WEB3,,B15C, , , , , , ,
325,7F0010-0420,WEB3,,B15C, , , , , , ,
326,U0610A-F2K4,WEB3,,B15C, , , , , , ,
327,U0610A-F0K3,WEB3,,B15C, , , , , , ,
328,U0610A-G1WD,WEB3,,B15C, , , , , , ,
329,A8681A-Y2Y9,WEB3,,B15C, , , , , , ,
330,A8681A-G0K7,WEB3,,B15C, , , , , , ,
331,A8681A-G4BJ,WEB3,,B15C, , , , , , ,
332,U0645A-F2K4,WEB3,,B15C, , , , , , ,
333,U0645A-G1WD,WEB3,,B15C, , , , , , ,
334,U0645A-F0K3,WEB3,,B15C, , , , , , ,
335,58799A-Y2Y9,WEB3,,B15C, , , , , , ,
336,58798A-Y2Y9,WEB3,,B15C, , , , , , ,
337,58782A-Y2Y9,WEB3,,RT2, , , , , , ,
338,58781A-Y2Y9,WEB3,,RT2, , , , , , ,
339,58784A-G0K7,WEB3,,B15C, , , , , , ,
340,58784A-Y2Y9,WEB3,,B15C, , , , , , ,
341,58784A-G4BJ,WEB3,,B15C, , , , , , ,
342,U0735A-G1WD,WEB3,,RT2, , , , , , ,
343,U0735A-F2K4,WEB3,,RT2, , , , , , ,
344,U0735A-F0K3,WEB3,,RT2, , , , , , ,
345,U0740A-G1WD,WEB3,,RT2, , , , , , ,
346,U0740A-F2K4,WEB3,,RT2, , , , , , ,
347,U0740A-F0K3,WEB3,,RT2, , , , , , ,
348,U0370A-G1WD,WEB3,,RT2, , , , , , ,
349,U0370A-Y2Y9,WEB3,,RT2, , , , , , ,
350,U0370A-Y4CN,WEB3,,RT2, , , , , , ,
351,U0350A-G1WD,WEB3,,RT2, , , , , , ,
352,U0350A-Y2Y9,WEB3,,RT2, , , , , , ,
353,U0350A-Y4CN,WEB3,,RT2, , , , , , ,
354,U0760A-G1WD,WEB3,,RT2, , , , , , ,
355,U0760A-F0K3,WEB3,,RT2, , , , , , ,
356,U0700A-G1WD,WEB3,,RT2, , , , , , ,
357,U0700A-F2K4,WEB3,,RT2, , , , , , ,
358,U0700A-F0K3,WEB3,,RT2, , , , , , ,
359,U0640A-G1WD,WEB3,,RT2, , , , , , ,
360,U0640A-F2K4,WEB3,,RT2, , , , , , ,
361,U0640A-F0K3,WEB3,,RT2, , , , , , ,
362,U0680A-G1WD,WEB3,,RT2, , , , , , ,
363,U0680A-F2K4,WEB3,,RT2, , , , , , ,
364,U0680A-F0K3,WEB3,,RT2, , , , , , ,
365,U0660A-G1WD,WEB3,,RT2, , , , , , ,
366,U0660A-F2K4,WEB3,,RT2, , , , , , ,
367,U0660A-F0K3,WEB3,,RT2, , , , , , ,
368,U0365A-G1WD,WEB3,,RT2, , , , , , ,
369,U0365A-F0K3,WEB3,,RT2, , , , , , ,
370,U0380A-G1WD,WEB3,,RT2, , , , , , ,
371,U0380A-F2K4,WEB3,,RT2, , , , , , ,
372,U0380A-F0K3,WEB3,,RT2, , , , , , ,
373,U0420A-G1WD,WEB3,,RT2, , , , , , ,
374,U0420A-F2K4,WEB3,,RT2, , , , , , ,
375,U0420A-F0K3,WEB3,,RT2, , , , , , ,
376,U0475A-G1WD,WEB3,,RT2, , , , , , ,
377,U0475A-F2K4,WEB3,,RT2, , , , , , ,
378,U0475A-F0K3,WEB3,,RT2, , , , , , ,
379,U0405A-F2K4,WEB3,,B15C, , , , , , ,
380,U0405A-F0K3,WEB3,,B15C, , , , , , ,
381,U0405A-G1WD,WEB3,,B15C, , , , , , ,
382,U0365A-F2K4,WEB3,,B15C, , , , , , ,
383,U0695A-F2K4,WEB3,,B15C, , , , , , ,
384,U0695A-F0K3,WEB3,,B15C, , , , , , ,
385,U0695A-G1WD,WEB3,,B15C, , , , , , ,
386,U0445A-F2K4,WEB3,,B15C, , , , , , ,
387,U0445A-F0K3,WEB3,,B15C, , , , , , ,
388,U0445A-G1WD,WEB3,,B15C, , , , , , ,
389,U0775A-G1WD,WEB3,,B15C, , , , , , ,
390,U0775A-F2K4,WEB3,,B15C, , , , , , ,
391,U0775A-F0K3,WEB3,,B15C, , , , , , ,
392,U0675A-G1WD,WEB3,,B15C, , , , , , ,
393,U0675A-F2K4,WEB3,,B15C, , , , , , ,
394,U0675A-F0K3,WEB3,,B15C, , , , , , ,
395,U0390A-F0K3,WEB3,,B15C, , , , , , ,
396,U0390A-G1WD,WEB3,,B15C, , , , , , ,
397,U0470A-F0K3,WEB3,,B15C, , , , , , ,
398,U0470A-F2K4,WEB3,,B15C, , , , , , ,
399,U0470A-G1WD,WEB3,,B15C, , , , , , ,
400,U0730A-F0K3,WEB3,,B15C, , , , , , ,
401,U0730A-F2K4,WEB3,,B15C, , , , , , ,
402,U730A-G1WD,WEB3,,B15C, , , , , , ,
403,7F0010-0140,WEB3,,B15C, , , , , , ,
404,7F0010-0170,WEB3,,B15C, , , , , , ,
405,7F0010-0180,WEB3,,B15C, , , , , , ,
406,7F0010-0250,WEB3,,B15C, , , , , , ,
407,7F0010-0190,WEB3,,B15C, , , , , , ,
408,7F0010-0200,WEB3,,B15C, , , , , , ,
409,7F0010-0230,WEB3,,B15C, , , , , , ,
410,7F0010-0240,WEB3,,B15C, , , , , , ,
411,7F0010-0070,WEB3,,B15C, , , , , , ,
412,7F0010-0100,WEB3,,B15C, , , , , , ,
413,7F0010-0080,WEB3,,B15C, , , , , , ,
414,7F0010-0110,WEB3,,B15C, , , , , , ,
415,7F0010-0060,WEB3,,B15C, , , , , , ,
416,7F0010-0090,WEB3,,B15C, , , , , , ,
417,7F0010-0761 ,WEB3,,B15C, , , , , , ,
418,7F0010-0771,WEB3,,B15C, , , , , , ,
419,7F0010-0210,WEB9,,B15C, , , , , , ,
420,7F0010-0010,WEB9,,B15C, , , , , , ,
421,7F0010-0410,WEB9,,B15C, , , , , , ,
422,7F0010-0501,WEB9,,B15C, , , , , , ,
423,7F0010-0500,WEB9,,B15C, , , , , , ,
424,D0265B,WEB9,,B15C, , , , , , ,
425,7F0010-0160,WEB9,,B15C, , , , , , ,
426,7F0010-0150,WEB9,,B15C, , , , , , ,
427,7F0010-0490,WEB9,,B15C, , , , , , ,
428,7F0010-0471,WEB9,,B15C, , , , , , ,
429,7F0010-0480,WEB9,,B15C, , , , , , ,
430,D0240B,WEB9,,B15C, , , , , , ,
431,7F0010-0440,WEB9,,B15C, , , , , , ,
432,D0420B,WEB9,,B15C, , , , , , ,
433,R0500D-F2K4,WEB9,,B15C, , , , , , ,
434,7F0010-0381,WEB5,,D6, , , , , , ,
435,7F0010-0391,WEB5,,D6, , , , , , ,
436,A0472B-F0K3,WEB6,,Heat Transfer, , , , , , ,
437,A0472B-F2K4,WEB6,,Heat Transfer, , , , , , ,
438,A0472B-G1WD,WEB6,,Heat Transfer, , , , , , ,
439,A0474B-F0K3,WEB6,,Heat Transfer, , , , , , ,
440,A0474B-F2K4,WEB6,,Heat Transfer, , , , , , ,
441,A0474B-G1WD,WEB6,,Heat Transfer, , , , , , ,
442,A0446D-GY99,WEB6,,Heat Transfer, , , , , , ,
443,A0446D-IV69,WEB6,,Heat Transfer, , , , , , ,
444,S8644A,WEB6,,Heat Transfer, , , , , , ,
445,R0500D-F2K4,NT-WC1-01,,Cut Webbing, , , , , , ,
446,7P0758-7030,WEB4,,Measure & Cut, , , , , , ,
447,7P0759-7030,WEB4,,Measure & Cut, , , , , , ,
448,7P0760-7030,WEB4,,Measure & Cut, , , , , , ,
449,7P0758-7050,WEB4,,Measure & Cut, , , , , , ,
450,7P0759-7050,WEB4,,Measure & Cut, , , , , , ,
451,7P0760-7050,WEB4,,Measure & Cut, , , , , , ,
452,7V2180-7081,P61-DUAL,,D12 PILLAR-DUAL UMB RIVET STAKE STATION, , , , , , ,
453,7V1180-7081,P61-DUAL,,D12 PILLAR-DUAL UMB RIVET STAKE STATION, , , , , , ,
454,A0515B,P61-DUAL,,D12 PILLAR-DUAL UMB RIVET STAKE STATION, , , , , , ,
455,A0518B,P61-DUAL,,D12 PILLAR-DUAL UMB RIVET STAKE STATION, , , , , , ,
456,A0512A,P61-DUAL,,D12 PILLAR-DUAL UMB RIVET STAKE STATION, , , , , , ,
457,A0520B,P61-DUAL,,D12 PILLAR-DUAL UMB RIVET STAKE STATION, , , , , , ,
458,A0511A,P61-DUAL,,D12 PILLAR-DUAL UMB RIVET STAKE STATION, , , , , , ,
459,A0513B,P61-DUAL,,D12 PILLAR-DUAL UMB RIVET STAKE STATION, , , , , , ,
460,7M5180-7080,P61-DUAL,,D12 ROOF MOUNT-DUAL UMB RIVET STAKE STATION, , , , , , ,
461,7M5180-7082,P61-DUAL,,D12 ROOF MOUNT-DUAL UMB RIVET STAKE STATION, , , , , , ,
462,7M5320-7080,P61-DUAL,,D12 ROOF MOUNT-DUAL UMB RIVET STAKE STATION, , , , , , ,
463,7M5280-7080,P61-SINGLE,,D12 SIR-SINGLE UMB RIVET STAKE STATION, , , , , , ,
464,7M5120-7090,P61-SINGLE,,D12 SHELF MOUNT-SINGLE UMB RIVET STAKE STATION, , , , , , ,
465,7M5120-7092,P61-SINGLE,,D12 SHELF MOUNT-SINGLE UMB RIVET STAKE STATION, , , , , , ,
466,7M5190-7090,P61-SINGLE,,D12 SHELF MOUNT-SINGLE UMB RIVET STAKE STATION, , , , , , ,
467,7M5190-7092,P61-SINGLE,,D12 SHELF MOUNT-SINGLE UMB RIVET STAKE STATION, , , , , , ,
468,7M5160-7080,P61-SINGLE,,D12 SIR-SINGLE UMB RIVET STAKE STATION, , , , , , ,
469,7M5170-7090,P61-SINGLE,,D12 SIR-SINGLE UMB RIVET STAKE STATION, , , , , , ,
470,7M5090-7090,P61-SINGLE,,D12 SIR-SINGLE UMB RIVET STAKE STATION, , , , , , ,
471,7M5100-7090,P61-SINGLE,,D12 PILLAR CTR-SINGLE UMB RIVET STAKE STATION, , , , , , ,
472,A0514A-Y2Y9,P62,,D12 SIR-WEB PULL & IN-LINE CUT, , , , , , ,
473,A0514A-G0K7,P62,,D12 SIR-WEB PULL & IN-LINE CUT, , , , , , ,
474,A0514A-G1WD,P62,,D12 SIR-WEB PULL & IN-LINE CUT, , , , , , ,
475,7M5090-7081,P62,,D12 SIR-WEB PULL & IN-LINE CUT, , , , , , ,
476,7M5094-7081,P62,,D12 SIR-WEB PULL & IN-LINE CUT, , , , , , ,
477,7M5120-7080,P62,,D12 SHELF MOUNT-WEB PULL & IN-LINE CUT, , , , , , ,
478,7M5124-7080,P62,,D12 SHELF MOUNT-WEB PULL & IN-LINE CUT, , , , , , ,
479,7M5190-7080,P62,,D12 SHELF MOUNT-WEB PULL & IN-LINE CUT, , , , , , ,
480,7M5198-7080,P62,,D12 SHELF MOUNT-WEB PULL & IN-LINE CUT, , , , , , ,
481,7M5294-708,P62,,D12 SIR-WEB PULL & IN-LINE CUT, , , , , , ,
482,7M5297-708,P62,,D12 SIR-WEB PULL & IN-LINE CUT, , , , , , ,
483,7M5290-708,P62,,D12 SIR-WEB PULL & IN-LINE CUT, , , , , , ,
484,A0526A-Y2Y9,P63,,D12 SIR-WEB PULL & IN-LINE CUT, , , , , , ,
485,A0526A-G4BJ,P63,,D12 SIR-WEB PULL & IN-LINE CUT, , , , , , ,
486,A0522A-G0K7,P63,,D12 ROOF MOUNT-WEB PULL & IN-LINE CUT, , , , , , ,
487,A0522A-G1WD,P63,,D12 ROOF MOUNT-WEB PULL & IN-LINE CUT, , , , , , ,
488,A0522A-Y2Y9,P63,,D12 ROOF MOUNT-WEB PULL & IN-LINE CUT, , , , , , ,
489,7M5100-7080,P64,,D12-PLR CTR-WEB PULL/IN LINE CUT, , , , , , ,
490,7V2180-7091,P65,,D12-PILLAR-DUAL WEB PULL STATION, , , , , , ,
491,7V1180-7091,P65,,D12-PILLAR-DUAL WEB PULL STATION, , , , , , ,
492,7V2170-7090,P65,,D9CPF-DUAL WEB PULL STATION, , , , , , ,
493,7V1170-7090,P65,,D9CPF-DUAL WEB PULL STATION, , , , , , ,
494,A0762A-015B,CS1,,D12-PILLAR-DRING PRESS, , , , , , ,
495,A0762A-140B,CS1,,D12-PILLAR-DRING PRESS, , , , , , ,
496,A0762B-015B,CS1,,D12-PILLAR-DRING PRESS, , , , , , ,
497,A0762B-140B,CS1,,D12-PILLAR-DRING PRESS, , , , , , ,
498,730461-7400,CS1,,D12-PILLAR-DRING PRESS, , , , , , ,
499,730461-7430,CS1,,D12-PILLAR-DRING PRESS, , , , , , ,
500,730461-7410,CS1,,D12-PILLAR-DRING PRESS, , , , , , ,
501,730461-7110,CS2,,D9CPF-D-RING BOLT PRESS, , , , , , ,
502,730461-7420,CS2,,D9CPF-D-RING BOLT PRESS, , , , , , ,
503,730461-7130,CS1,,D9CPF-D-RING BOLT PRESS, , , , , , ,
504,730461-7120,CS1,,D9CPF-ANCHOR BOLT PRESS, , , , , , ,
505,730461-7140,CS1,,D12-ANCHOR BOLT PRESS, , , , , , ,
506,730461-7150,CS1,,D12-D-RING BOLT PRESS, , , , , , ,
507,730461-7160,CS1,,D12-D-RING BOLT PRESS, , , , , , ,
508,730461-7170,CS1,,D12-D-RING BOLT PRESS, , , , , , ,
509,730461-7360,CS1,,D12-D-RING BOLT PRESS, , , , , , ,
510,730461-7380,CS1,,D12-D-RING BOLT PRESS, , , , , , ,
511,59985A,CS2,,D12-D-RING BOLT PRESS, , , , , , ,
512,52986C,CS2,,D12-D-RING BOLT PRESS, , , , , , ,
513,52988B,CS2,,D12-D-RING BOLT PRESS, , , , , , ,
514,730461-7100,CS2,,D9CPF-D-RING BOLT PRESS, , , , , , ,
515,730438-7330,CS1,,Web Protector to RM bracket sub, , , , , , ,
516,730438-7340,CS1,,Web Protector to RM bracket sub, , , , , , ,
517,7M5220-7030,CS1,,Web Protector to RM bracket sub, , , , , , ,
518,7N0886-0230-S1,CS1,,Clutch Tube Re-Pack, , , , , , ,
519,A0975,CS2,,D13 SFL SUB - ASSEMBLY, , , , , , ,
520,A0980,CS2,,D13 SFL SUB - ASSEMBLY, , , , , , ,
521,7P0723-7110,CS2,,D13 SFL SUB - ASSEMBLY, , , , , , ,
522,7V2170-7080,SA5,,D9, , , , , , ,
523,7V1170-7080,SA5,,D9, , , , , , ,
524,A4401G,SA5,,D11, , , , , , ,
525,A4402G,SA5,,D11, , , , , , ,
526,A4393H,SA5,,D11, , , , , , ,
527,A1483F,SA5,,D11, , , , , , ,
528,A4392H,SA5,,D11, , , , , , ,
529,A1429J,SA5,,D11, , , , , , ,
530,A4349J,SA5,,D11, , , , , , ,
531,A0260N,SA5,,D11, , , , , , ,
532,A0267S,SA5,,D11, , , , , , ,
533,A0270S,SA5,,D11, , , , , , ,
534,A0535B,SA5,,D11, , , , , , ,
535,A0271L,SA5,,D11, , , , , , ,
536,A0272M,SA5,,D11, , , , , , ,
537,A4333N,SA5,,D11, , , , , , ,
538,A0274M,SA5,,D11, , , , , , ,
539,A0294L,SA5,,D11, , , , , , ,
540,A0295L,SA5,,D11, , , , , , ,
541,A0297L,SA5,,D11, , , , , , ,
542,A0298L,SA5,,D11, , , , , , ,
543,A0259L,SA5,,D11, , , , , , ,
544,A1420K,SA5,,D11, , , , , , ,
545,A1421J,SA5,,D11, , , , , , ,
546,A1422K,SA5,,D11, , , , , , ,
547,A1423J,SA5,,D11, , , , , , ,
548,A1428J,SA5,,D11, , , , , , ,
549,A1438J,SA5,,D11, , , , , , ,
550,A1449J,SA5,,D11, , , , , , ,
551,A1450J,SA5,,D11, , , , , , ,
552,A1466H,SA5,,D11, , , , , , ,
553,A4374J,SA5,,D11, , , , , , ,
554,A4336P,SA5,,D11, , , , , , ,
555,A4323N,SA5,,D11, , , , , , ,
556,A4350K,SA5,,D11, , , , , , ,
557,A4351J,SA5,,D11, , , , , , ,
558,A4366L,SA5,,D11, , , , , , ,
559,A4380J,SA5,,D11, , , , , , ,
560,A4390J,SA5,,D11, , , , , , ,
561,A4391J,SA5,,D11, , , , , , ,
562,A4406J,SA5,,D11, , , , , , ,
563,7M532*-701,C10,,B15C, , , , , , ,
564,7V149*-701,C10,,B15C, , , , , , ,
565,7M529*-701,C10,,B15C, , , , , , ,
566,7V151*-701,C10,,B15C, , , , , , ,
567,7V531*-701,C10,,B15C, , , , , , ,
568,7V150*-701,C10,,B15C, , , , , , ,
569,7M530*-701,C10,,B15C, , , , , , ,
570,7V249*-701,C10,,B15C, , , , , , ,
571,7V251*-701,C10,,B15C, , , , , , ,
572,7V250*-701,C10,,B15C, , , , , , ,
573,7M914*-701,C10,,B15C, , , , , , ,
574,7V154*-701,C10,,B15C, , , , , , ,
575,7V155*-701,C10,,B15C, , , , , , ,
576,7V153*-701,C10,,B15C, , , , , , ,
577,7V252*-701,C10,,B15C, , , , , , ,
578,7V254*-701,C10,,B15C, , , , , , ,
579,7V253*-701,C10,,B15C, , , , , , ,
580,7V255*-701,C10,,B15C, , , , , , ,
581,7F0010-001,ACE-WC1-01,,B15C, , , , , , ,
582,7V2170-7031,CA8,,B15C,29.931000000000004, , , , , ,
